x,y,gesture
7.6500425,4.7816343,103_203_12_1_20250113_152455_doughnut_board_clueGiver_cam02.mp4_segment_1_Gesture_0.80_6.77
9.918681,8.807411,103_203_12_1_20250113_152455_doughnut_board_clueGiver_cam02.mp4_segment_2_Gesture_7.80_10.33
8.758283,6.867681,103_203_12_1_20250113_152455_doughnut_board_clueGiver_cam02.mp4_segment_3_Gesture_14.07_17.40
7.6634736,4.7036424,103_203_12_1_20250113_152455_doughnut_board_clueGiver_cam02.mp4_segment_4_Gesture_0.80_6.63
9.935769,8.880184,103_203_12_1_20250113_152455_doughnut_board_clueGiver_cam02.mp4_segment_5_Gesture_7.80_10.33
8.743904,6.829487,103_203_12_1_20250113_152455_doughnut_board_clueGiver_cam02.mp4_segment_6_Gesture_14.00_17.40
2.2105536,7.9841943,103_203_12_1_20250113_152455_doughnut_board_guesser_cam02.mp4_segment_1_Gesture_3.07_3.67
0.80119175,8.585629,103_203_12_1_20250113_152455_doughnut_board_guesser_cam02.mp4_segment_2_Gesture_16.47_17.40
2.2273571,3.9547217,103_203_12_1_20250113_152455_doughnut_board_guesser_cam02.mp4_segment_3_Gesture_2.80_3.00
8.173631,4.9805474,103_203_13_1_20250113_152513_spinach_board_clueGiver_cam02.mp4_segment_1_Gesture_8.40_9.90
8.388608,6.103778,103_203_13_1_20250113_152513_spinach_board_clueGiver_cam02.mp4_segment_2_Gesture_11.00_17.50
8.523012,5.896664,103_203_13_1_20250113_152513_spinach_board_clueGiver_cam02.mp4_segment_3_Gesture_7.87_17.50
1.5348012,8.640815,103_203_13_1_20250113_152513_spinach_board_guesser_cam02.mp4_segment_1_Gesture_16.20_17.50
1.2482443,8.67218,103_203_13_1_20250113_152513_spinach_board_guesser_cam02.mp4_segment_2_Gesture_16.90_17.00
6.9512854,3.7903872,103_203_14_1_20250113_152536_balloon_board_clueGiver_cam02.mp4_segment_1_Gesture_0.80_2.00
8.939297,7.604487,103_203_14_1_20250113_152536_balloon_board_clueGiver_cam02.mp4_segment_2_Gesture_2.53_6.77
9.428818,7.1567044,103_203_14_1_20250113_152536_balloon_board_clueGiver_cam02.mp4_segment_3_Gesture_7.63_22.03
7.866344,5.3406825,103_203_14_1_20250113_152536_balloon_board_clueGiver_cam02.mp4_segment_4_Gesture_0.80_6.20
9.663459,9.636451,103_203_14_1_20250113_152536_balloon_board_clueGiver_cam02.mp4_segment_5_Gesture_7.73_7.97
9.373508,7.0948067,103_203_14_1_20250113_152536_balloon_board_clueGiver_cam02.mp4_segment_6_Gesture_8.63_22.03
8.463653,5.932771,103_203_15_1_20250113_152557_bacon_board_clueGiver_cam02.mp4_segment_1_Gesture_0.80_19.37
8.583785,3.7397993,103_203_15_1_20250113_152557_bacon_board_clueGiver_cam02.mp4_segment_2_Gesture_20.00_20.47
8.570533,5.9588003,103_203_15_1_20250113_152557_bacon_board_clueGiver_cam02.mp4_segment_3_Gesture_0.80_20.47
6.9706197,3.9023705,103_203_16_1_20250113_152613_chlorine_board_clueGiver_cam02.mp4_segment_1_Gesture_0.80_2.47
7.135558,3.4617188,103_203_16_1_20250113_152613_chlorine_board_clueGiver_cam02.mp4_segment_2_Gesture_3.33_4.47
9.623911,7.582806,103_203_16_1_20250113_152613_chlorine_board_clueGiver_cam02.mp4_segment_3_Gesture_6.70_14.40
6.9316354,3.8897128,103_203_16_1_20250113_152613_chlorine_board_clueGiver_cam02.mp4_segment_4_Gesture_0.80_4.23
7.36592,3.3389869,103_203_16_1_20250113_152613_chlorine_board_clueGiver_cam02.mp4_segment_5_Gesture_4.83_5.17
9.635172,7.516019,103_203_16_1_20250113_152613_chlorine_board_clueGiver_cam02.mp4_segment_6_Gesture_6.27_14.43
8.27668,4.736839,103_203_17_1_20250113_152643_leather_board_clueGiver_cam02.mp4_segment_1_Gesture_1.03_5.47
9.270517,8.228628,103_203_17_1_20250113_152643_leather_board_clueGiver_cam02.mp4_segment_2_Gesture_6.40_9.80
8.448776,4.6982775,103_203_17_1_20250113_152643_leather_board_clueGiver_cam02.mp4_segment_3_Gesture_14.07_17.37
8.869558,8.187608,103_203_17_1_20250113_152643_leather_board_clueGiver_cam02.mp4_segment_4_Gesture_18.40_21.27
9.072698,5.4500203,103_203_17_1_20250113_152643_leather_board_clueGiver_cam02.mp4_segment_5_Gesture_22.53_29.50
8.612039,6.001875,103_203_17_1_20250113_152643_leather_board_clueGiver_cam02.mp4_segment_6_Gesture_0.80_29.50
7.3765163,3.297247,103_203_18_1_20250113_152657_pillow_board_clueGiver_cam02.mp4_segment_1_Gesture_0.80_1.30
7.0301514,8.726798,103_203_18_1_20250113_152657_pillow_board_clueGiver_cam02.mp4_segment_2_Gesture_4.60_5.73
8.285263,5.6789436,103_203_18_1_20250113_152657_pillow_board_clueGiver_cam02.mp4_segment_3_Gesture_8.33_11.60
6.8597555,8.699083,103_203_18_1_20250113_152657_pillow_board_clueGiver_cam02.mp4_segment_4_Gesture_4.13_5.70
8.374049,5.775211,103_203_18_1_20250113_152657_pillow_board_clueGiver_cam02.mp4_segment_5_Gesture_8.10_11.90
7.944351,3.935174,103_203_19_1_20250113_152712_traffic_board_clueGiver_cam02.mp4_segment_1_Gesture_9.67_14.57
7.9423223,3.9644003,103_203_19_1_20250113_152712_traffic_board_clueGiver_cam02.mp4_segment_2_Gesture_9.60_14.57
7.147544,3.6664443,103_203_20_1_20250113_152735_bitter_board_clueGiver_cam02.mp4_segment_1_Gesture_0.80_1.97
8.985287,5.7305818,103_203_20_1_20250113_152735_bitter_board_clueGiver_cam02.mp4_segment_2_Gesture_2.47_22.33
8.954353,5.7551804,103_203_20_1_20250113_152735_bitter_board_clueGiver_cam02.mp4_segment_3_Gesture_0.80_22.33
8.634135,5.118228,103_203_21_1_20250113_152824_tiger_board_clueGiver_cam02.mp4_segment_10_Gesture_16.40_18.67
7.38015,3.2384918,103_203_21_1_20250113_152824_tiger_board_clueGiver_cam02.mp4_segment_11_Gesture_19.37_19.53
9.031436,5.6243563,103_203_21_1_20250113_152824_tiger_board_clueGiver_cam02.mp4_segment_12_Gesture_23.80_47.53
6.911823,3.9252617,103_203_21_1_20250113_152824_tiger_board_clueGiver_cam02.mp4_segment_1_Gesture_0.80_3.33
7.7887254,3.0670977,103_203_21_1_20250113_152824_tiger_board_clueGiver_cam02.mp4_segment_2_Gesture_9.43_10.40
1.6746953,7.512942,103_203_21_1_20250113_152824_tiger_board_clueGiver_cam02.mp4_segment_3_Gesture_11.03_11.97
8.718645,5.0944924,103_203_21_1_20250113_152824_tiger_board_clueGiver_cam02.mp4_segment_4_Gesture_16.53_18.37
8.938104,7.081476,103_203_21_1_20250113_152824_tiger_board_clueGiver_cam02.mp4_segment_5_Gesture_24.33_27.43
9.72179,4.8605456,103_203_21_1_20250113_152824_tiger_board_clueGiver_cam02.mp4_segment_6_Gesture_27.97_30.27
8.934349,5.6393843,103_203_21_1_20250113_152824_tiger_board_clueGiver_cam02.mp4_segment_7_Gesture_31.17_47.53
6.88525,3.9633381,103_203_21_1_20250113_152824_tiger_board_clueGiver_cam02.mp4_segment_8_Gesture_0.80_2.97
7.7477837,3.0777805,103_203_21_1_20250113_152824_tiger_board_clueGiver_cam02.mp4_segment_9_Gesture_9.20_11.43
9.782336,9.810142,103_203_21_1_20250113_152824_tiger_board_guesser_cam02.mp4_segment_1_Gesture_33.83_36.07
9.801869,9.809356,103_203_21_1_20250113_152824_tiger_board_guesser_cam02.mp4_segment_2_Gesture_34.70_35.50
9.46072,8.080534,103_203_23_1_20250113_152946_trumpet_ground_clueGiver_cam02.mp4_segment_10_Gesture_13.20_18.50
9.984291,8.353124,103_203_23_1_20250113_152946_trumpet_ground_clueGiver_cam02.mp4_segment_11_Gesture_22.17_26.87
5.728283,8.151167,103_203_23_1_20250113_152946_trumpet_ground_clueGiver_cam02.mp4_segment_12_Gesture_27.50_28.57
9.788593,7.9301395,103_203_23_1_20250113_152946_trumpet_ground_clueGiver_cam02.mp4_segment_13_Gesture_29.27_33.00
6.8230085,2.510484,103_203_23_1_20250113_152946_trumpet_ground_clueGiver_cam02.mp4_segment_1_Gesture_6.77_7.47
6.437049,1.9321518,103_203_23_1_20250113_152946_trumpet_ground_clueGiver_cam02.mp4_segment_2_Gesture_8.07_10.03
10.09616,9.011255,103_203_23_1_20250113_152946_trumpet_ground_clueGiver_cam02.mp4_segment_3_Gesture_14.20_15.47
9.568888,8.402896,103_203_23_1_20250113_152946_trumpet_ground_clueGiver_cam02.mp4_segment_4_Gesture_16.10_18.87
10.033826,8.658964,103_203_23_1_20250113_152946_trumpet_ground_clueGiver_cam02.mp4_segment_5_Gesture_22.23_24.10
10.097558,8.224464,103_203_23_1_20250113_152946_trumpet_ground_clueGiver_cam02.mp4_segment_6_Gesture_24.77_26.70
9.573085,7.753616,103_203_23_1_20250113_152946_trumpet_ground_clueGiver_cam02.mp4_segment_7_Gesture_27.93_33.23
6.6368256,2.7481475,103_203_23_1_20250113_152946_trumpet_ground_clueGiver_cam02.mp4_segment_8_Gesture_4.30_4.83
6.448996,1.9230456,103_203_23_1_20250113_152946_trumpet_ground_clueGiver_cam02.mp4_segment_9_Gesture_5.93_12.47
1.1344963,9.272069,103_203_23_1_20250113_152946_trumpet_ground_guesser_cam02.mp4_segment_1_Move_11.57_14.57
1.1827286,9.229971,103_203_23_1_20250113_152946_trumpet_ground_guesser_cam02.mp4_segment_2_Move_15.60_18.43
1.0870141,9.159599,103_203_23_1_20250113_152946_trumpet_ground_guesser_cam02.mp4_segment_3_Move_24.10_26.73
1.1530129,8.968613,103_203_23_1_20250113_152946_trumpet_ground_guesser_cam02.mp4_segment_4_Gesture_28.63_30.53
0.59932196,8.37113,103_203_23_1_20250113_152946_trumpet_ground_guesser_cam02.mp4_segment_5_Gesture_11.47_11.70
6.4095297,2.1324804,103_203_24_1_20250113_152957_pasta_ground_clueGiver_cam02.mp4_segment_1_Gesture_2.37_2.93
6.472969,2.0446424,103_203_24_1_20250113_152957_pasta_ground_clueGiver_cam02.mp4_segment_2_Gesture_2.07_3.57
2.2193904,8.115771,103_203_24_1_20250113_152957_pasta_ground_guesser_cam02.mp4_segment_1_Gesture_4.73_4.87
1.8763709,4.5795355,103_203_24_1_20250113_152957_pasta_ground_guesser_cam02.mp4_segment_2_Gesture_7.60_10.53
2.3458226,8.153485,103_203_24_1_20250113_152957_pasta_ground_guesser_cam02.mp4_segment_3_Gesture_4.57_4.83
2.0383446,4.6122017,103_203_24_1_20250113_152957_pasta_ground_guesser_cam02.mp4_segment_4_Gesture_6.37_10.53
7.078799,8.8238735,103_203_25_1_20250113_153028_hamster_ground_clueGiver_cam02.mp4_segment_10_Gesture_20.93_22.47
8.204693,8.694633,103_203_25_1_20250113_153028_hamster_ground_clueGiver_cam02.mp4_segment_11_Gesture_24.80_29.37
7.036989,8.951983,103_203_25_1_20250113_153028_hamster_ground_clueGiver_cam02.mp4_segment_1_Gesture_5.23_6.03
6.729174,9.276392,103_203_25_1_20250113_153028_hamster_ground_clueGiver_cam02.mp4_segment_2_Gesture_9.93_10.33
7.1218553,8.916564,103_203_25_1_20250113_153028_hamster_ground_clueGiver_cam02.mp4_segment_3_Gesture_11.83_29.27
7.4604473,8.268675,103_203_25_1_20250113_153028_hamster_ground_clueGiver_cam02.mp4_segment_4_Gesture_4.77_5.57
6.617537,9.132866,103_203_25_1_20250113_153028_hamster_ground_clueGiver_cam02.mp4_segment_5_Gesture_8.33_8.57
7.0131063,8.878929,103_203_25_1_20250113_153028_hamster_ground_clueGiver_cam02.mp4_segment_6_Gesture_9.63_9.97
6.9745574,8.903495,103_203_25_1_20250113_153028_hamster_ground_clueGiver_cam02.mp4_segment_7_Gesture_12.53_16.40
7.1260004,8.799598,103_203_25_1_20250113_153028_hamster_ground_clueGiver_cam02.mp4_segment_8_Gesture_17.77_19.00
7.073484,8.867586,103_203_25_1_20250113_153028_hamster_ground_clueGiver_cam02.mp4_segment_9_Gesture_20.00_20.13
1.5842829,5.1964607,103_203_25_1_20250113_153028_hamster_ground_guesser_cam02.mp4_segment_1_Gesture_1.73_4.03
1.336882,5.5808086,103_203_25_1_20250113_153028_hamster_ground_guesser_cam02.mp4_segment_2_Gesture_9.30_13.90
1.6104406,4.452288,103_203_25_1_20250113_153028_hamster_ground_guesser_cam02.mp4_segment_3_Gesture_17.47_23.50
1.4077495,4.323788,103_203_25_1_20250113_153028_hamster_ground_guesser_cam02.mp4_segment_4_Gesture_24.47_26.17
1.5642202,4.915437,103_203_25_1_20250113_153028_hamster_ground_guesser_cam02.mp4_segment_5_Gesture_27.47_29.60
1.3277209,4.6679635,103_203_25_1_20250113_153028_hamster_ground_guesser_cam02.mp4_segment_6_Gesture_2.13_3.33
1.4047428,4.7681003,103_203_25_1_20250113_153028_hamster_ground_guesser_cam02.mp4_segment_7_Gesture_27.50_29.60
9.7153015,6.5673513,103_203_26_1_20250113_153140_siren_ground_clueGiver_cam02.mp4_segment_10_Gesture_14.37_26.03
11.141564,8.502626,103_203_26_1_20250113_153140_siren_ground_clueGiver_cam02.mp4_segment_11_Gesture_28.93_29.73
9.730819,5.3616424,103_203_26_1_20250113_153140_siren_ground_clueGiver_cam02.mp4_segment_12_Gesture_31.60_38.87
9.63007,7.8889966,103_203_26_1_20250113_153140_siren_ground_clueGiver_cam02.mp4_segment_13_Gesture_40.23_44.17
10.103659,9.190251,103_203_26_1_20250113_153140_siren_ground_clueGiver_cam02.mp4_segment_14_Gesture_52.97_53.43
10.016617,9.030185,103_203_26_1_20250113_153140_siren_ground_clueGiver_cam02.mp4_segment_15_Gesture_54.00_56.30
10.14749,8.017967,103_203_26_1_20250113_153140_siren_ground_clueGiver_cam02.mp4_segment_16_Gesture_56.93_60.13
9.6109,6.4193745,103_203_26_1_20250113_153140_siren_ground_clueGiver_cam02.mp4_segment_17_Gesture_61.17_61.97
9.732896,4.933731,103_203_26_1_20250113_153140_siren_ground_clueGiver_cam02.mp4_segment_18_Gesture_63.13_63.23
9.813814,4.987338,103_203_26_1_20250113_153140_siren_ground_clueGiver_cam02.mp4_segment_19_Gesture_67.40_67.57
10.052401,8.555895,103_203_26_1_20250113_153140_siren_ground_clueGiver_cam02.mp4_segment_1_Gesture_5.00_7.10
9.585565,5.8624196,103_203_26_1_20250113_153140_siren_ground_clueGiver_cam02.mp4_segment_2_Gesture_7.67_25.97
9.494418,5.6957784,103_203_26_1_20250113_153140_siren_ground_clueGiver_cam02.mp4_segment_3_Gesture_31.97_44.00
9.874485,9.2507515,103_203_26_1_20250113_153140_siren_ground_clueGiver_cam02.mp4_segment_4_Gesture_54.17_54.87
10.068402,8.028338,103_203_26_1_20250113_153140_siren_ground_clueGiver_cam02.mp4_segment_5_Gesture_56.03_59.30
9.751091,5.4890227,103_203_26_1_20250113_153140_siren_ground_clueGiver_cam02.mp4_segment_6_Gesture_59.83_69.93
10.1398735,8.737032,103_203_26_1_20250113_153140_siren_ground_clueGiver_cam02.mp4_segment_7_Gesture_4.97_6.77
9.887245,5.1721673,103_203_26_1_20250113_153140_siren_ground_clueGiver_cam02.mp4_segment_8_Gesture_7.37_8.50
9.959362,5.1605387,103_203_26_1_20250113_153140_siren_ground_clueGiver_cam02.mp4_segment_9_Gesture_9.57_13.73
1.4988369,5.6769447,103_203_26_1_20250113_153140_siren_ground_guesser_cam02.mp4_segment_10_Gesture_9.83_10.13
9.552092,10.105114,103_203_26_1_20250113_153140_siren_ground_guesser_cam02.mp4_segment_11_Gesture_47.23_47.47
2.393532,4.7581143,103_203_26_1_20250113_153140_siren_ground_guesser_cam02.mp4_segment_12_Gesture_50.63_55.43
9.66746,10.06722,103_203_26_1_20250113_153140_siren_ground_guesser_cam02.mp4_segment_13_Gesture_59.87_69.97
2.012211,4.6984234,103_203_26_1_20250113_153140_siren_ground_guesser_cam02.mp4_segment_1_Gesture_2.10_10.70
1.2265453,9.194409,103_203_26_1_20250113_153140_siren_ground_guesser_cam02.mp4_segment_2_Move_28.87_30.53
1.2410312,9.141837,103_203_26_1_20250113_153140_siren_ground_guesser_cam02.mp4_segment_3_Gesture_38.80_38.93
1.312871,9.097032,103_203_26_1_20250113_153140_siren_ground_guesser_cam02.mp4_segment_4_Move_40.57_41.90
1.360302,9.079964,103_203_26_1_20250113_153140_siren_ground_guesser_cam02.mp4_segment_5_Move_42.93_44.97
8.208639,6.7647853,103_203_26_1_20250113_153140_siren_ground_guesser_cam02.mp4_segment_6_Gesture_46.27_56.00
9.603553,9.967902,103_203_26_1_20250113_153140_siren_ground_guesser_cam02.mp4_segment_7_Gesture_59.87_62.20
9.680155,10.064908,103_203_26_1_20250113_153140_siren_ground_guesser_cam02.mp4_segment_8_Gesture_63.37_69.97
1.868887,4.877412,103_203_26_1_20250113_153140_siren_ground_guesser_cam02.mp4_segment_9_Gesture_2.10_5.67
6.3834286,1.8794703,103_203_27_1_20250113_153217_jungle_ground_clueGiver_cam02.mp4_segment_1_Gesture_8.90_11.27
9.9055195,7.6671557,103_203_27_1_20250113_153217_jungle_ground_clueGiver_cam02.mp4_segment_2_Gesture_14.03_26.80
5.7463865,8.116987,103_203_27_1_20250113_153217_jungle_ground_clueGiver_cam02.mp4_segment_3_Gesture_27.47_27.83
6.3666005,1.8136647,103_203_27_1_20250113_153217_jungle_ground_clueGiver_cam02.mp4_segment_4_Gesture_3.20_4.60
6.4026284,1.9452285,103_203_27_1_20250113_153217_jungle_ground_clueGiver_cam02.mp4_segment_5_Gesture_6.80_6.97
6.3416104,1.8117777,103_203_27_1_20250113_153217_jungle_ground_clueGiver_cam02.mp4_segment_6_Gesture_8.47_9.97
9.808737,7.552456,103_203_27_1_20250113_153217_jungle_ground_clueGiver_cam02.mp4_segment_7_Gesture_11.37_26.27
5.662706,8.1428795,103_203_27_1_20250113_153217_jungle_ground_clueGiver_cam02.mp4_segment_8_Gesture_27.03_27.83
1.5510513,7.552228,103_203_27_1_20250113_153217_jungle_ground_guesser_cam02.mp4_segment_1_Gesture_1.80_2.90
1.1638778,9.218584,103_203_27_1_20250113_153217_jungle_ground_guesser_cam02.mp4_segment_2_Move_6.77_8.90
1.558724,7.4398165,103_203_27_1_20250113_153217_jungle_ground_guesser_cam02.mp4_segment_3_Gesture_1.70_2.50
8.883941,8.168461,103_203_28_1_20250113_153235_birthday_ground_clueGiver_cam02.mp4_segment_1_Gesture_1.87_2.87
9.791318,8.248618,103_203_28_1_20250113_153235_birthday_ground_clueGiver_cam02.mp4_segment_2_Gesture_5.27_13.03
7.4516106,8.880932,103_203_28_1_20250113_153235_birthday_ground_clueGiver_cam02.mp4_segment_3_Gesture_14.70_16.77
8.696648,7.4535985,103_203_28_1_20250113_153235_birthday_ground_clueGiver_cam02.mp4_segment_4_Gesture_1.20_2.80
9.706845,8.150652,103_203_28_1_20250113_153235_birthday_ground_clueGiver_cam02.mp4_segment_5_Gesture_4.90_16.33
7.0864935,9.210718,103_203_29_1_20250113_153255_cherry_ground_clueGiver_cam02.mp4_segment_1_Gesture_1.83_2.57
10.351333,8.152152,103_203_29_1_20250113_153255_cherry_ground_clueGiver_cam02.mp4_segment_2_Gesture_3.93_11.73
8.985617,8.544156,103_203_29_1_20250113_153255_cherry_ground_clueGiver_cam02.mp4_segment_3_Gesture_12.47_15.93
6.6340775,2.0644805,103_203_29_1_20250113_153255_cherry_ground_clueGiver_cam02.mp4_segment_4_Gesture_16.63_18.40
7.1465096,9.216627,103_203_29_1_20250113_153255_cherry_ground_clueGiver_cam02.mp4_segment_5_Gesture_1.47_2.07
10.056288,8.718912,103_203_29_1_20250113_153255_cherry_ground_clueGiver_cam02.mp4_segment_6_Gesture_3.67_4.70
10.216839,8.126696,103_203_29_1_20250113_153255_cherry_ground_clueGiver_cam02.mp4_segment_7_Gesture_5.43_13.17
10.048512,8.8754835,103_203_29_1_20250113_153255_cherry_ground_clueGiver_cam02.mp4_segment_8_Gesture_14.80_15.07
6.948834,5.875859,103_203_29_1_20250113_153255_cherry_ground_clueGiver_cam02.mp4_segment_9_Gesture_15.77_18.57
1.8030603,4.596782,103_203_29_1_20250113_153255_cherry_ground_guesser_cam02.mp4_segment_1_Gesture_2.13_4.20
1.9924611,4.4581923,103_203_29_1_20250113_153255_cherry_ground_guesser_cam02.mp4_segment_2_Gesture_2.13_3.63
2.2954865,8.090805,103_203_29_1_20250113_153255_cherry_ground_guesser_cam02.mp4_segment_3_Gesture_6.63_6.87
7.036136,5.9749227,103_203_30_1_20250113_153310_exam_ground_clueGiver_cam02.mp4_segment_1_Gesture_9.20_10.40
6.3761725,1.879903,103_203_30_1_20250113_153310_exam_ground_clueGiver_cam02.mp4_segment_2_Gesture_1.50_1.73
6.3806405,1.8446773,103_203_30_1_20250113_153310_exam_ground_clueGiver_cam02.mp4_segment_3_Gesture_3.63_4.73
6.382625,1.8232244,103_203_30_1_20250113_153310_exam_ground_clueGiver_cam02.mp4_segment_4_Gesture_6.77_7.07
8.779697,6.9186797,103_203_30_1_20250113_153310_exam_ground_clueGiver_cam02.mp4_segment_5_Gesture_8.43_10.07
6.7641582,2.8788767,103_203_30_1_20250113_153310_exam_ground_clueGiver_cam02.mp4_segment_6_Gesture_13.07_13.33
1.2490064,9.277899,103_203_30_1_20250113_153310_exam_ground_guesser_cam02.mp4_segment_1_Move_0.80_1.03
1.2106681,9.230656,103_203_30_1_20250113_153310_exam_ground_guesser_cam02.mp4_segment_2_Move_1.80_9.37
9.753051,5.5676436,103_203_31_1_20250113_153333_flower_ground_clueGiver_cam02.mp4_segment_1_Gesture_4.67_11.60
9.023192,8.536706,103_203_31_1_20250113_153333_flower_ground_clueGiver_cam02.mp4_segment_2_Gesture_12.33_13.23
9.94838,7.8919096,103_203_31_1_20250113_153333_flower_ground_clueGiver_cam02.mp4_segment_3_Gesture_17.93_21.70
9.940028,8.515089,103_203_31_1_20250113_153333_flower_ground_clueGiver_cam02.mp4_segment_4_Gesture_4.33_5.00
9.883068,5.104882,103_203_31_1_20250113_153333_flower_ground_clueGiver_cam02.mp4_segment_5_Gesture_5.67_9.57
9.172448,8.164804,103_203_31_1_20250113_153333_flower_ground_clueGiver_cam02.mp4_segment_6_Gesture_10.30_14.27
9.930858,8.371884,103_203_31_1_20250113_153333_flower_ground_clueGiver_cam02.mp4_segment_7_Gesture_15.70_18.23
10.544676,8.660933,103_203_31_1_20250113_153333_flower_ground_clueGiver_cam02.mp4_segment_8_Gesture_19.00_19.67
6.9552464,5.882216,103_203_31_1_20250113_153333_flower_ground_clueGiver_cam02.mp4_segment_9_Gesture_20.23_21.87
5.7827454,9.129637,103_203_32_1_20250113_153341_coffee_ground_clueGiver_cam02.mp4_segment_1_Gesture_5.60_6.63
6.106714,8.566559,103_203_32_1_20250113_153341_coffee_ground_clueGiver_cam02.mp4_segment_2_Gesture_5.27_6.07
1.1419796,9.230152,103_203_32_1_20250113_153341_coffee_ground_guesser_cam02.mp4_segment_1_Move_1.23_1.57
1.1242883,9.077025,103_203_32_1_20250113_153341_coffee_ground_guesser_cam02.mp4_segment_2_Move_3.17_4.57
1.1656353,9.199899,103_203_32_1_20250113_153341_coffee_ground_guesser_cam02.mp4_segment_3_Move_5.53_6.73
6.128236,3.9634302,103_203_34_1_20250113_153427_picture_ground_clueGiver_cam02.mp4_segment_1_Gesture_0.90_1.87
8.776724,8.694325,103_203_34_1_20250113_153427_picture_ground_clueGiver_cam02.mp4_segment_2_Gesture_7.00_8.57
8.80711,9.007425,103_203_34_1_20250113_153427_picture_ground_clueGiver_cam02.mp4_segment_3_Gesture_9.50_11.00
8.7598095,9.034928,103_203_34_1_20250113_153427_picture_ground_clueGiver_cam02.mp4_segment_4_Gesture_11.90_13.10
8.198994,9.424854,103_203_34_1_20250113_153427_picture_ground_clueGiver_cam02.mp4_segment_5_Gesture_15.33_16.70
8.663244,8.867453,103_203_34_1_20250113_153427_picture_ground_clueGiver_cam02.mp4_segment_6_Gesture_19.80_21.30
6.109445,3.9832203,103_203_34_1_20250113_153427_picture_ground_clueGiver_cam02.mp4_segment_7_Gesture_0.80_1.27
8.805728,8.183057,103_203_34_1_20250113_153427_picture_ground_clueGiver_cam02.mp4_segment_8_Gesture_6.80_12.67
8.469374,9.066792,103_203_34_1_20250113_153427_picture_ground_clueGiver_cam02.mp4_segment_9_Gesture_13.33_21.30
6.8482833,5.619892,103_203_35_1_20250113_153443_yellow_ground_clueGiver_cam02.mp4_segment_10_Gesture_13.33_15.10
6.19888,3.9644117,103_203_35_1_20250113_153443_yellow_ground_clueGiver_cam02.mp4_segment_1_Gesture_0.80_1.87
1.6527216,7.5811048,103_203_35_1_20250113_153443_yellow_ground_clueGiver_cam02.mp4_segment_2_Gesture_2.87_3.70
8.968493,9.3382635,103_203_35_1_20250113_153443_yellow_ground_clueGiver_cam02.mp4_segment_3_Gesture_5.13_9.97
9.458914,10.08764,103_203_35_1_20250113_153443_yellow_ground_clueGiver_cam02.mp4_segment_4_Gesture_11.67_12.50
6.4015813,4.2878723,103_203_35_1_20250113_153443_yellow_ground_clueGiver_cam02.mp4_segment_5_Gesture_13.70_15.10
6.0335846,3.857736,103_203_35_1_20250113_153443_yellow_ground_clueGiver_cam02.mp4_segment_6_Gesture_0.97_1.30
1.6460712,7.4556026,103_203_35_1_20250113_153443_yellow_ground_clueGiver_cam02.mp4_segment_7_Gesture_2.90_3.30
9.0356245,9.316097,103_203_35_1_20250113_153443_yellow_ground_clueGiver_cam02.mp4_segment_8_Gesture_5.37_9.80
9.616921,9.734202,103_203_35_1_20250113_153443_yellow_ground_clueGiver_cam02.mp4_segment_9_Gesture_10.47_12.00
2.1368897,7.9263,103_203_35_1_20250113_153443_yellow_ground_guesser_cam02.mp4_segment_1_Gesture_2.40_3.10
2.2634277,3.9409616,103_203_35_1_20250113_153443_yellow_ground_guesser_cam02.mp4_segment_2_Gesture_2.27_2.43
6.2207127,4.016423,103_203_36_1_20250113_153454_flannel_ground_clueGiver_cam02.mp4_segment_1_Gesture_1.27_9.50
8.668647,6.9140563,103_203_37_1_20250113_153517_movie_ground_clueGiver_cam02.mp4_segment_10_Gesture_17.13_22.03
7.3280573,4.715956,103_203_37_1_20250113_153517_movie_ground_clueGiver_cam02.mp4_segment_1_Gesture_0.80_8.00
8.789687,3.8096166,103_203_37_1_20250113_153517_movie_ground_clueGiver_cam02.mp4_segment_2_Gesture_8.70_9.30
8.808671,7.0318356,103_203_37_1_20250113_153517_movie_ground_clueGiver_cam02.mp4_segment_3_Gesture_9.93_22.20
8.913356,7.645723,103_203_37_1_20250113_153517_movie_ground_clueGiver_cam02.mp4_segment_4_Gesture_6.77_7.53
8.841942,3.8095067,103_203_37_1_20250113_153517_movie_ground_clueGiver_cam02.mp4_segment_5_Gesture_8.63_9.20
7.8247433,4.6655536,103_203_37_1_20250113_153517_movie_ground_clueGiver_cam02.mp4_segment_6_Gesture_9.73_12.17
9.90238,9.290847,103_203_37_1_20250113_153517_movie_ground_clueGiver_cam02.mp4_segment_7_Gesture_12.90_14.10
10.196943,8.9664345,103_203_37_1_20250113_153517_movie_ground_clueGiver_cam02.mp4_segment_8_Gesture_15.27_15.40
10.196293,8.951779,103_203_37_1_20250113_153517_movie_ground_clueGiver_cam02.mp4_segment_9_Gesture_16.00_16.40
6.8586526,4.399975,103_203_38_1_20250113_153528_puppy_ground_clueGiver_cam02.mp4_segment_1_Gesture_1.40_6.50
8.088986,6.6637263,103_203_38_1_20250113_153528_puppy_ground_clueGiver_cam02.mp4_segment_2_Gesture_9.00_11.13
6.876457,4.1555133,103_203_38_1_20250113_153528_puppy_ground_clueGiver_cam02.mp4_segment_3_Gesture_1.43_4.63
7.9962077,5.4920297,103_203_38_1_20250113_153528_puppy_ground_clueGiver_cam02.mp4_segment_4_Gesture_5.20_7.03
8.333519,6.638889,103_203_38_1_20250113_153528_puppy_ground_clueGiver_cam02.mp4_segment_5_Gesture_8.50_10.83
7.5716705,4.9253545,103_203_39_1_20250113_153540_muscle_ground_clueGiver_cam02.mp4_segment_1_Gesture_1.53_6.40
8.481052,6.7101517,103_203_39_1_20250113_153540_muscle_ground_clueGiver_cam02.mp4_segment_2_Gesture_8.27_10.70
8.302832,6.4698873,103_203_39_1_20250113_153540_muscle_ground_clueGiver_cam02.mp4_segment_3_Gesture_3.70_4.73
11.106757,8.529975,103_203_39_1_20250113_153540_muscle_ground_clueGiver_cam02.mp4_segment_4_Gesture_5.53_5.83
8.4794655,6.74166,103_203_39_1_20250113_153540_muscle_ground_clueGiver_cam02.mp4_segment_5_Gesture_8.50_10.70
6.194844,3.875818,103_203_40_1_20250113_153555_beauty_ground_clueGiver_cam02.mp4_segment_1_Gesture_0.80_1.00
7.6826916,5.0750403,103_203_40_1_20250113_153555_beauty_ground_clueGiver_cam02.mp4_segment_2_Gesture_1.93_11.03
6.3785477,4.337687,103_203_40_1_20250113_153555_beauty_ground_clueGiver_cam02.mp4_segment_3_Gesture_12.10_13.43
8.975844,7.5921464,103_203_40_1_20250113_153555_beauty_ground_clueGiver_cam02.mp4_segment_4_Gesture_7.00_10.73
6.8707495,5.73502,103_203_40_1_20250113_153555_beauty_ground_clueGiver_cam02.mp4_segment_5_Gesture_11.83_13.43
1.5866184,8.595856,103_203_40_1_20250113_153555_beauty_ground_guesser_cam02.mp4_segment_1_Gesture_3.13_4.67
1.2275392,8.641239,103_203_40_1_20250113_153555_beauty_ground_guesser_cam02.mp4_segment_2_Gesture_3.80_3.90
6.3291698,4.0980625,103_203_41_1_20250113_153604_sugar_ground_clueGiver_cam02.mp4_segment_1_Gesture_0.80_4.13
6.5609565,3.9746528,103_203_41_1_20250113_153604_sugar_ground_clueGiver_cam02.mp4_segment_2_Gesture_6.20_9.00
6.2566147,4.00285,103_203_41_1_20250113_153604_sugar_ground_clueGiver_cam02.mp4_segment_3_Gesture_0.80_2.00
6.606924,3.6664975,103_203_41_1_20250113_153604_sugar_ground_clueGiver_cam02.mp4_segment_4_Gesture_6.10_6.73
6.466895,4.0932274,103_203_41_1_20250113_153604_sugar_ground_clueGiver_cam02.mp4_segment_5_Gesture_7.63_9.00
6.2244906,4.0442743,103_203_42_1_20250113_153614_sushi_ground_clueGiver_cam02.mp4_segment_1_Gesture_4.10_8.23
5.851726,3.8200762,103_203_42_1_20250113_153614_sushi_ground_clueGiver_cam02.mp4_segment_2_Gesture_1.53_1.70
6.511613,4.015945,103_203_42_1_20250113_153614_sushi_ground_clueGiver_cam02.mp4_segment_3_Gesture_7.03_8.83
1.6743618,8.532465,103_203_42_1_20250113_153614_sushi_ground_guesser_cam02.mp4_segment_1_Gesture_4.13_5.43
6.137747,4.0424185,103_203_43_1_20250113_153626_gravy_ground_clueGiver_cam02.mp4_segment_1_Gesture_1.30_2.63
8.973003,8.118454,103_203_43_1_20250113_153626_gravy_ground_clueGiver_cam02.mp4_segment_2_Gesture_5.10_7.57
6.2713637,4.209407,103_203_43_1_20250113_153626_gravy_ground_clueGiver_cam02.mp4_segment_3_Gesture_9.80_10.63
8.919503,8.12065,103_203_43_1_20250113_153626_gravy_ground_clueGiver_cam02.mp4_segment_4_Gesture_5.07_7.53
6.2498007,4.3182187,103_203_43_1_20250113_153626_gravy_ground_clueGiver_cam02.mp4_segment_5_Gesture_9.47_10.63
9.434175,5.3855524,103_203_45_1_20250113_153745_walnut_board_clueGiver_cam02.mp4_segment_1_Gesture_5.27_32.03
9.371245,5.1255646,103_203_45_1_20250113_153745_walnut_board_clueGiver_cam02.mp4_segment_2_Gesture_34.17_40.30
6.767008,2.9279306,103_203_45_1_20250113_153745_walnut_board_clueGiver_cam02.mp4_segment_3_Gesture_1.60_2.37
9.354617,5.0598936,103_203_45_1_20250113_153745_walnut_board_clueGiver_cam02.mp4_segment_4_Gesture_4.43_10.57
9.462873,5.2735105,103_203_45_1_20250113_153745_walnut_board_clueGiver_cam02.mp4_segment_5_Gesture_11.10_31.17
9.737646,5.1960626,103_203_45_1_20250113_153745_walnut_board_clueGiver_cam02.mp4_segment_6_Gesture_34.20_37.47
9.703397,4.998255,103_203_45_1_20250113_153745_walnut_board_clueGiver_cam02.mp4_segment_7_Gesture_38.07_38.20
7.8798075,3.1688597,103_203_45_1_20250113_153745_walnut_board_clueGiver_cam02.mp4_segment_8_Gesture_39.00_40.53
1.692431,5.040886,103_203_45_1_20250113_153745_walnut_board_guesser_cam02.mp4_segment_1_Gesture_0.80_15.10
1.4294175,5.010035,103_203_45_1_20250113_153745_walnut_board_guesser_cam02.mp4_segment_2_Gesture_16.43_27.40
1.2729295,5.2538757,103_203_45_1_20250113_153745_walnut_board_guesser_cam02.mp4_segment_3_Gesture_39.83_40.07
1.4206562,5.201767,103_203_45_1_20250113_153745_walnut_board_guesser_cam02.mp4_segment_4_Gesture_1.03_2.03
1.6396924,5.259436,103_203_45_1_20250113_153745_walnut_board_guesser_cam02.mp4_segment_5_Gesture_3.30_5.13
1.3215362,4.727094,103_203_45_1_20250113_153745_walnut_board_guesser_cam02.mp4_segment_6_Gesture_12.53_13.73
1.1876689,5.475723,103_203_45_1_20250113_153745_walnut_board_guesser_cam02.mp4_segment_7_Gesture_14.47_14.83
1.2179465,4.9493747,103_203_45_1_20250113_153745_walnut_board_guesser_cam02.mp4_segment_8_Gesture_24.73_26.83
7.696469,2.9069037,103_203_46_1_20250113_153759_blanket_board_clueGiver_cam02.mp4_segment_1_Gesture_0.80_1.87
9.538316,7.8101707,103_203_46_1_20250113_153759_blanket_board_clueGiver_cam02.mp4_segment_2_Gesture_3.53_9.93
7.840247,3.1734865,103_203_46_1_20250113_153759_blanket_board_clueGiver_cam02.mp4_segment_3_Gesture_11.17_12.20
7.2674685,2.7151258,103_203_46_1_20250113_153759_blanket_board_clueGiver_cam02.mp4_segment_4_Gesture_0.80_3.50
9.626133,7.8011956,103_203_46_1_20250113_153759_blanket_board_clueGiver_cam02.mp4_segment_5_Gesture_4.03_9.37
7.741901,3.0845928,103_203_46_1_20250113_153759_blanket_board_clueGiver_cam02.mp4_segment_6_Gesture_11.07_12.77
2.0476542,4.655313,103_203_46_1_20250113_153759_blanket_board_guesser_cam02.mp4_segment_1_Gesture_0.80_5.00
1.6399639,4.6039724,103_203_46_1_20250113_153759_blanket_board_guesser_cam02.mp4_segment_2_Gesture_6.17_8.73
5.8215413,3.9350386,103_203_46_1_20250113_153759_blanket_board_guesser_cam02.mp4_segment_3_Gesture_1.03_1.20
1.6128172,4.7976346,103_203_46_1_20250113_153759_blanket_board_guesser_cam02.mp4_segment_4_Gesture_6.67_8.17
6.5581446,2.991353,103_203_47_1_20250113_153811_soda_board_clueGiver_cam02.mp4_segment_1_Gesture_0.80_4.67
9.043292,5.103868,103_203_47_1_20250113_153811_soda_board_clueGiver_cam02.mp4_segment_2_Gesture_5.30_8.93
8.513901,4.669507,103_203_47_1_20250113_153811_soda_board_clueGiver_cam02.mp4_segment_3_Gesture_1.80_10.07
1.5018467,7.7624803,103_203_47_1_20250113_153811_soda_board_guesser_cam02.mp4_segment_1_Gesture_0.97_8.33
0.51422036,8.403031,103_203_47_1_20250113_153811_soda_board_guesser_cam02.mp4_segment_2_Gesture_10.30_10.53
1.3675628,7.8699875,103_203_47_1_20250113_153811_soda_board_guesser_cam02.mp4_segment_3_Gesture_2.90_3.47
0.55272406,8.43286,103_203_47_1_20250113_153811_soda_board_guesser_cam02.mp4_segment_4_Gesture_4.47_4.60
0.5221195,8.362125,103_203_47_1_20250113_153811_soda_board_guesser_cam02.mp4_segment_5_Gesture_6.47_6.63
0.5605389,8.418871,103_203_47_1_20250113_153811_soda_board_guesser_cam02.mp4_segment_6_Gesture_7.67_7.90
9.317282,5.9989505,103_203_48_1_20250113_153828_hunger_board_clueGiver_cam02.mp4_segment_1_Gesture_3.70_12.23
5.9696136,9.319274,103_203_48_1_20250113_153828_hunger_board_clueGiver_cam02.mp4_segment_2_Gesture_13.13_15.43
8.248995,4.4946804,103_203_48_1_20250113_153828_hunger_board_clueGiver_cam02.mp4_segment_3_Gesture_3.27_4.53
8.500968,4.6138134,103_203_48_1_20250113_153828_hunger_board_clueGiver_cam02.mp4_segment_4_Gesture_5.53_5.93
9.345519,7.728236,103_203_48_1_20250113_153828_hunger_board_clueGiver_cam02.mp4_segment_5_Gesture_8.33_14.03
5.044624,8.895312,103_203_48_1_20250113_153828_hunger_board_clueGiver_cam02.mp4_segment_6_Gesture_14.87_15.43
0.50943047,8.358081,103_203_48_1_20250113_153828_hunger_board_guesser_cam02.mp4_segment_1_Gesture_0.80_3.30
0.5556098,8.332757,103_203_48_1_20250113_153828_hunger_board_guesser_cam02.mp4_segment_2_Gesture_4.57_10.03
0.4960682,8.413837,103_203_48_1_20250113_153828_hunger_board_guesser_cam02.mp4_segment_3_Gesture_12.80_15.43
0.5164694,8.356431,103_203_48_1_20250113_153828_hunger_board_guesser_cam02.mp4_segment_4_Gesture_0.90_1.77
0.50414294,8.392269,103_203_48_1_20250113_153828_hunger_board_guesser_cam02.mp4_segment_5_Gesture_2.53_2.87
0.6047329,8.450071,103_203_48_1_20250113_153828_hunger_board_guesser_cam02.mp4_segment_6_Gesture_4.27_7.50
0.51012397,8.360378,103_203_48_1_20250113_153828_hunger_board_guesser_cam02.mp4_segment_7_Gesture_8.20_9.67
8.184181,5.115519,103_203_49_1_20250113_153839_christmas_board_clueGiver_cam02.mp4_segment_1_Gesture_0.80_10.33
8.277901,5.0532928,103_203_49_1_20250113_153839_christmas_board_clueGiver_cam02.mp4_segment_2_Gesture_0.80_10.33
1.3602754,5.0900946,103_203_49_1_20250113_153839_christmas_board_guesser_cam02.mp4_segment_1_Gesture_0.80_3.47
1.912219,4.7526526,103_203_49_1_20250113_153839_christmas_board_guesser_cam02.mp4_segment_2_Gesture_4.17_10.37
1.5445564,4.8324304,103_203_49_1_20250113_153839_christmas_board_guesser_cam02.mp4_segment_3_Gesture_0.80_2.33
1.9199216,4.831886,103_203_49_1_20250113_153839_christmas_board_guesser_cam02.mp4_segment_4_Gesture_6.87_10.37
9.281678,5.545277,103_203_50_1_20250113_153852_butter_board_clueGiver_cam02.mp4_segment_1_Gesture_4.87_11.23
8.856099,5.3242726,103_203_50_1_20250113_153852_butter_board_clueGiver_cam02.mp4_segment_2_Gesture_0.83_11.40
7.1356606,2.9673114,103_203_50_1_20250113_153852_butter_board_clueGiver_cam02.mp4_segment_3_Gesture_12.10_12.30
2.1040273,4.4783993,103_203_50_1_20250113_153852_butter_board_guesser_cam02.mp4_segment_1_Gesture_0.80_4.80
2.101386,4.103586,103_203_50_1_20250113_153852_butter_board_guesser_cam02.mp4_segment_2_Gesture_1.20_1.80
6.565275,2.0974855,103_203_51_1_20250113_153926_cologne_board_clueGiver_cam02.mp4_segment_1_Gesture_3.90_4.27
9.390258,5.286541,103_203_51_1_20250113_153926_cologne_board_clueGiver_cam02.mp4_segment_2_Gesture_7.27_31.40
9.1642475,5.3669915,103_203_51_1_20250113_153926_cologne_board_clueGiver_cam02.mp4_segment_3_Gesture_1.60_32.43
1.8791732,4.812636,103_203_51_1_20250113_153926_cologne_board_guesser_cam02.mp4_segment_1_Gesture_1.23_2.40
1.5474755,4.727018,103_203_51_1_20250113_153926_cologne_board_guesser_cam02.mp4_segment_2_Gesture_1.23_1.83
8.977246,5.086044,103_203_52_1_20250113_154037_zipper_board_clueGiver_cam02.mp4_segment_10_Gesture_17.97_39.37
9.366313,5.515779,103_203_52_1_20250113_154037_zipper_board_clueGiver_cam02.mp4_segment_11_Gesture_39.93_55.07
8.7684765,4.850503,103_203_52_1_20250113_154037_zipper_board_clueGiver_cam02.mp4_segment_12_Gesture_56.63_61.80
7.1649528,3.055076,103_203_52_1_20250113_154037_zipper_board_clueGiver_cam02.mp4_segment_13_Gesture_63.63_63.77
7.2613673,3.009373,103_203_52_1_20250113_154037_zipper_board_clueGiver_cam02.mp4_segment_14_Gesture_65.70_65.83
7.396269,3.0505912,103_203_52_1_20250113_154037_zipper_board_clueGiver_cam02.mp4_segment_15_Gesture_66.47_67.10
7.106431,2.876952,103_203_52_1_20250113_154037_zipper_board_clueGiver_cam02.mp4_segment_16_Gesture_68.20_69.73
7.0006084,2.9305382,103_203_52_1_20250113_154037_zipper_board_clueGiver_cam02.mp4_segment_1_Gesture_1.97_2.27
9.153499,5.341868,103_203_52_1_20250113_154037_zipper_board_clueGiver_cam02.mp4_segment_2_Gesture_4.23_34.20
9.296876,5.489399,103_203_52_1_20250113_154037_zipper_board_clueGiver_cam02.mp4_segment_3_Gesture_34.93_55.70
8.682714,4.6962996,103_203_52_1_20250113_154037_zipper_board_clueGiver_cam02.mp4_segment_4_Gesture_57.10_63.53
7.198804,2.9363477,103_203_52_1_20250113_154037_zipper_board_clueGiver_cam02.mp4_segment_5_Gesture_64.07_64.47
7.2734003,3.02827,103_203_52_1_20250113_154037_zipper_board_clueGiver_cam02.mp4_segment_6_Gesture_66.23_66.93
6.8362927,2.7792487,103_203_52_1_20250113_154037_zipper_board_clueGiver_cam02.mp4_segment_7_Gesture_2.77_3.10
8.026597,4.435146,103_203_52_1_20250113_154037_zipper_board_clueGiver_cam02.mp4_segment_8_Gesture_3.97_5.63
9.247754,5.433607,103_203_52_1_20250113_154037_zipper_board_clueGiver_cam02.mp4_segment_9_Gesture_6.70_16.97
1.8883518,4.129755,103_203_52_1_20250113_154037_zipper_board_guesser_cam02.mp4_segment_10_Gesture_32.50_33.43
9.63179,10.004527,103_203_52_1_20250113_154037_zipper_board_guesser_cam02.mp4_segment_11_Gesture_36.40_42.63
1.8197545,4.402809,103_203_52_1_20250113_154037_zipper_board_guesser_cam02.mp4_segment_1_Gesture_2.23_3.87
1.2375294,5.498665,103_203_52_1_20250113_154037_zipper_board_guesser_cam02.mp4_segment_2_Gesture_18.43_19.10
1.188951,5.5705514,103_203_52_1_20250113_154037_zipper_board_guesser_cam02.mp4_segment_3_Gesture_19.90_21.67
1.1802782,5.552217,103_203_52_1_20250113_154037_zipper_board_guesser_cam02.mp4_segment_4_Gesture_24.37_25.73
2.0559378,4.2924275,103_203_52_1_20250113_154037_zipper_board_guesser_cam02.mp4_segment_5_Gesture_32.13_38.83
9.671796,10.017936,103_203_52_1_20250113_154037_zipper_board_guesser_cam02.mp4_segment_6_Gesture_39.43_42.93
6.0197163,2.2064457,103_203_52_1_20250113_154037_zipper_board_guesser_cam02.mp4_segment_7_Move_57.37_57.53
1.8145211,4.4449525,103_203_52_1_20250113_154037_zipper_board_guesser_cam02.mp4_segment_8_Gesture_1.93_3.20
1.260302,5.557692,103_203_52_1_20250113_154037_zipper_board_guesser_cam02.mp4_segment_9_Gesture_18.80_18.93
8.966588,4.9015303,103_203_53_1_20250113_154055_river_board_clueGiver_cam02.mp4_segment_1_Gesture_2.43_7.97
8.861192,4.86557,103_203_53_1_20250113_154055_river_board_clueGiver_cam02.mp4_segment_2_Gesture_1.27_7.70
1.5396713,7.381079,103_203_53_1_20250113_154055_river_board_guesser_cam02.mp4_segment_1_Gesture_0.80_2.50
1.5403442,7.4182596,103_203_53_1_20250113_154055_river_board_guesser_cam02.mp4_segment_2_Gesture_1.10_2.13
7.606727,4.8748503,103_203_54_1_20250113_154107_music_board_clueGiver_cam02.mp4_segment_1_Gesture_0.80_4.37
9.065641,4.9804673,103_203_54_1_20250113_154107_music_board_clueGiver_cam02.mp4_segment_2_Gesture_8.07_10.77
7.528416,4.7620087,103_203_54_1_20250113_154107_music_board_clueGiver_cam02.mp4_segment_3_Gesture_1.10_3.60
9.359641,6.6132,103_203_54_1_20250113_154107_music_board_clueGiver_cam02.mp4_segment_4_Gesture_6.63_9.00
8.89386,4.8375645,103_203_54_1_20250113_154107_music_board_clueGiver_cam02.mp4_segment_5_Gesture_9.67_10.57
7.640863,3.3554354,108_208_12_1_20250114_162456_flower_ground_clueGiver_cam02.mp4_segment_1_Gesture_4.07_4.67
8.786089,8.327504,108_208_12_1_20250114_162456_flower_ground_clueGiver_cam02.mp4_segment_2_Gesture_6.07_7.03
9.225879,8.63433,108_208_12_1_20250114_162456_flower_ground_clueGiver_cam02.mp4_segment_3_Gesture_9.93_12.73
7.753715,3.2574213,108_208_12_1_20250114_162456_flower_ground_clueGiver_cam02.mp4_segment_4_Gesture_3.83_4.17
7.4425488,3.251327,108_208_12_1_20250114_162456_flower_ground_clueGiver_cam02.mp4_segment_5_Gesture_4.77_4.90
8.7705,7.737364,108_208_12_1_20250114_162456_flower_ground_clueGiver_cam02.mp4_segment_6_Gesture_5.93_6.50
9.07529,8.555713,108_208_12_1_20250114_162456_flower_ground_clueGiver_cam02.mp4_segment_7_Gesture_9.90_12.93
7.88412,9.965896,108_208_13_1_20250114_162512_traffic_ground_clueGiver_cam02.mp4_segment_1_Gesture_2.97_3.97
9.4800825,8.663896,108_208_13_1_20250114_162512_traffic_ground_clueGiver_cam02.mp4_segment_2_Gesture_4.57_7.20
10.449425,8.710691,108_208_13_1_20250114_162512_traffic_ground_clueGiver_cam02.mp4_segment_3_Gesture_7.73_9.40
8.300571,9.486394,108_208_13_1_20250114_162512_traffic_ground_clueGiver_cam02.mp4_segment_4_Gesture_10.17_13.37
5.7334404,8.790909,108_208_13_1_20250114_162512_traffic_ground_clueGiver_cam02.mp4_segment_5_Move_14.43_14.57
7.53364,10.050345,108_208_13_1_20250114_162512_traffic_ground_clueGiver_cam02.mp4_segment_6_Gesture_3.10_3.37
8.809155,9.518057,108_208_13_1_20250114_162512_traffic_ground_clueGiver_cam02.mp4_segment_7_Gesture_4.17_4.73
9.29375,8.758063,108_208_13_1_20250114_162512_traffic_ground_clueGiver_cam02.mp4_segment_8_Gesture_5.27_6.53
9.825815,8.113099,108_208_13_1_20250114_162512_traffic_ground_clueGiver_cam02.mp4_segment_9_Gesture_7.50_14.30
5.8182573,9.355333,108_208_14_1_20250114_162535_zipper_ground_clueGiver_cam02.mp4_segment_1_Move_1.60_3.10
6.0883546,9.505763,108_208_14_1_20250114_162535_zipper_ground_clueGiver_cam02.mp4_segment_2_Gesture_6.40_9.60
6.919167,2.8287935,108_208_14_1_20250114_162535_zipper_ground_clueGiver_cam02.mp4_segment_3_Gesture_14.37_16.20
7.695016,5.6761394,108_208_14_1_20250114_162535_zipper_ground_clueGiver_cam02.mp4_segment_4_Move_17.83_21.20
6.1821384,9.3848295,108_208_14_1_20250114_162535_zipper_ground_clueGiver_cam02.mp4_segment_5_Gesture_6.17_8.53
6.9729342,2.934922,108_208_14_1_20250114_162535_zipper_ground_clueGiver_cam02.mp4_segment_6_Gesture_14.30_15.60
8.050697,4.181871,108_208_14_1_20250114_162535_zipper_ground_clueGiver_cam02.mp4_segment_7_Gesture_17.17_18.23
7.6620383,5.984831,108_208_14_1_20250114_162535_zipper_ground_clueGiver_cam02.mp4_segment_8_Gesture_18.93_21.07
6.827123,9.215423,108_208_15_1_20250114_162542_gravy_ground_clueGiver_cam02.mp4_segment_1_Gesture_2.83_3.23
6.8162837,9.202294,108_208_15_1_20250114_162542_gravy_ground_clueGiver_cam02.mp4_segment_2_Gesture_2.40_3.10
7.3279357,9.3717,108_208_15_1_20250114_162542_gravy_ground_clueGiver_cam02.mp4_segment_3_Gesture_3.80_4.37
8.513529,9.575653,108_208_16_1_20250114_162559_siren_ground_clueGiver_cam02.mp4_segment_1_Gesture_7.93_9.53
8.000407,9.655532,108_208_16_1_20250114_162559_siren_ground_clueGiver_cam02.mp4_segment_2_Gesture_12.67_15.87
8.767761,9.339512,108_208_16_1_20250114_162559_siren_ground_clueGiver_cam02.mp4_segment_3_Gesture_7.73_9.27
6.0570455,9.362808,108_208_16_1_20250114_162559_siren_ground_clueGiver_cam02.mp4_segment_4_Gesture_14.30_14.73
5.3503065,9.769328,108_208_17_1_20250114_162610_cherry_ground_clueGiver_cam02.mp4_segment_1_Move_0.80_1.63
6.057069,9.145622,108_208_17_1_20250114_162610_cherry_ground_clueGiver_cam02.mp4_segment_2_Move_2.97_3.80
8.384496,9.211805,108_208_17_1_20250114_162610_cherry_ground_clueGiver_cam02.mp4_segment_3_Gesture_4.97_7.90
6.4379535,9.416649,108_208_17_1_20250114_162610_cherry_ground_clueGiver_cam02.mp4_segment_4_Move_8.50_9.57
6.556033,9.031119,108_208_17_1_20250114_162610_cherry_ground_clueGiver_cam02.mp4_segment_5_Gesture_2.83_3.30
8.50187,9.233234,108_208_17_1_20250114_162610_cherry_ground_clueGiver_cam02.mp4_segment_6_Gesture_4.80_7.37
6.3922925,9.140226,108_208_18_1_20250114_162618_coffee_ground_clueGiver_cam02.mp4_segment_1_Gesture_3.63_3.80
9.34445,10.095922,108_208_19_1_20250114_162700_cologne_ground_clueGiver_cam02.mp4_segment_10_Gesture_20.77_20.90
8.00817,9.63852,108_208_19_1_20250114_162700_cologne_ground_clueGiver_cam02.mp4_segment_11_Gesture_33.20_33.57
6.7722154,9.503832,108_208_19_1_20250114_162700_cologne_ground_clueGiver_cam02.mp4_segment_12_Gesture_39.47_40.27
8.317008,9.464437,108_208_19_1_20250114_162700_cologne_ground_clueGiver_cam02.mp4_segment_1_Gesture_7.00_8.23
8.264961,8.371071,108_208_19_1_20250114_162700_cologne_ground_clueGiver_cam02.mp4_segment_2_Gesture_13.40_15.37
9.3012905,9.981064,108_208_19_1_20250114_162700_cologne_ground_clueGiver_cam02.mp4_segment_3_Gesture_20.93_22.00
7.824088,9.774489,108_208_19_1_20250114_162700_cologne_ground_clueGiver_cam02.mp4_segment_4_Gesture_33.17_34.17
7.930914,9.747552,108_208_19_1_20250114_162700_cologne_ground_clueGiver_cam02.mp4_segment_5_Gesture_37.77_38.63
6.8009334,9.3542795,108_208_19_1_20250114_162700_cologne_ground_clueGiver_cam02.mp4_segment_6_Gesture_3.93_4.03
8.325687,9.367364,108_208_19_1_20250114_162700_cologne_ground_clueGiver_cam02.mp4_segment_7_Gesture_5.77_8.53
6.8684783,9.620418,108_208_19_1_20250114_162700_cologne_ground_clueGiver_cam02.mp4_segment_8_Gesture_9.97_10.10
8.336151,8.399272,108_208_19_1_20250114_162700_cologne_ground_clueGiver_cam02.mp4_segment_9_Gesture_13.33_15.37
2.1533854,4.274398,108_208_19_1_20250114_162700_cologne_ground_guesser_cam02.mp4_segment_1_Gesture_17.10_20.53
1.8733552,4.6935678,108_208_19_1_20250114_162700_cologne_ground_guesser_cam02.mp4_segment_2_Gesture_16.97_17.63
2.2363572,7.9687614,108_208_19_1_20250114_162700_cologne_ground_guesser_cam02.mp4_segment_3_Gesture_24.60_24.73
8.584196,9.540217,108_208_20_1_20250114_162723_bitter_ground_clueGiver_cam02.mp4_segment_1_Gesture_2.97_4.93
8.70067,9.850647,108_208_20_1_20250114_162723_bitter_ground_clueGiver_cam02.mp4_segment_2_Gesture_6.50_9.63
6.217245,9.432481,108_208_20_1_20250114_162723_bitter_ground_clueGiver_cam02.mp4_segment_3_Gesture_20.40_21.73
7.0166125,9.797665,108_208_20_1_20250114_162723_bitter_ground_clueGiver_cam02.mp4_segment_4_Gesture_2.40_2.90
8.482257,9.573991,108_208_20_1_20250114_162723_bitter_ground_clueGiver_cam02.mp4_segment_5_Gesture_3.73_6.27
8.807524,9.88612,108_208_20_1_20250114_162723_bitter_ground_clueGiver_cam02.mp4_segment_6_Gesture_9.30_9.57
6.621431,9.432998,108_208_20_1_20250114_162723_bitter_ground_clueGiver_cam02.mp4_segment_7_Gesture_20.27_20.63
1.7285899,4.477216,108_208_20_1_20250114_162723_bitter_ground_guesser_cam02.mp4_segment_1_Gesture_2.13_2.90
1.6663519,4.3048134,108_208_20_1_20250114_162723_bitter_ground_guesser_cam02.mp4_segment_2_Gesture_2.23_2.40
5.9899535,9.068595,108_208_21_1_20250114_162731_sugar_ground_clueGiver_cam02.mp4_segment_1_Gesture_3.17_3.73
6.556951,9.660104,108_208_21_1_20250114_162731_sugar_ground_clueGiver_cam02.mp4_segment_2_Gesture_4.33_4.90
5.9279723,9.168805,108_208_21_1_20250114_162731_sugar_ground_clueGiver_cam02.mp4_segment_3_Gesture_5.73_6.63
6.1324396,9.094246,108_208_21_1_20250114_162731_sugar_ground_clueGiver_cam02.mp4_segment_4_Gesture_2.90_3.50
6.022573,9.621321,108_208_21_1_20250114_162731_sugar_ground_clueGiver_cam02.mp4_segment_5_Gesture_4.07_6.50
7.7072215,3.15199,108_208_23_1_20250114_162817_tiger_ground_guesser_cam02.mp4_segment_1_Move_17.57_17.73
1.0824463,8.915361,108_208_25_1_20250114_162844_puppy_ground_guesser_cam02.mp4_segment_1_Move_6.57_7.50
1.4795579,8.432556,108_208_25_1_20250114_162844_puppy_ground_guesser_cam02.mp4_segment_2_Gesture_6.10_6.20
1.44508,8.518297,108_208_25_1_20250114_162844_puppy_ground_guesser_cam02.mp4_segment_3_Gesture_7.30_7.40
5.8933043,9.834628,108_208_26_1_20250114_162904_hamster_ground_clueGiver_cam02.mp4_segment_1_Gesture_2.63_6.73
5.8682494,10.081555,108_208_26_1_20250114_162904_hamster_ground_clueGiver_cam02.mp4_segment_2_Gesture_7.83_9.23
5.5914674,9.823885,108_208_26_1_20250114_162904_hamster_ground_clueGiver_cam02.mp4_segment_3_Move_10.10_15.13
5.5930977,10.078143,108_208_26_1_20250114_162904_hamster_ground_clueGiver_cam02.mp4_segment_4_Gesture_16.03_16.80
5.045394,9.092837,108_208_26_1_20250114_162904_hamster_ground_clueGiver_cam02.mp4_segment_5_Gesture_18.00_18.27
7.535398,10.0046,108_208_26_1_20250114_162904_hamster_ground_clueGiver_cam02.mp4_segment_6_Gesture_2.43_3.10
5.753183,9.1584635,108_208_26_1_20250114_162904_hamster_ground_clueGiver_cam02.mp4_segment_7_Gesture_10.13_10.73
5.1602836,8.633088,108_208_26_1_20250114_162904_hamster_ground_clueGiver_cam02.mp4_segment_8_Gesture_18.10_18.23
5.491943,10.031986,108_208_27_1_20250114_162936_bacon_ground_clueGiver_cam02.mp4_segment_1_Gesture_8.93_10.83
5.266697,9.951185,108_208_27_1_20250114_162936_bacon_ground_clueGiver_cam02.mp4_segment_2_Gesture_11.43_12.27
7.592699,9.877574,108_208_27_1_20250114_162936_bacon_ground_clueGiver_cam02.mp4_segment_3_Gesture_27.57_30.37
4.9805226,9.198213,108_208_27_1_20250114_162936_bacon_ground_clueGiver_cam02.mp4_segment_4_Gesture_4.17_5.03
5.443838,10.059924,108_208_27_1_20250114_162936_bacon_ground_clueGiver_cam02.mp4_segment_5_Gesture_9.37_9.83
7.485133,9.9849,108_208_27_1_20250114_162936_bacon_ground_clueGiver_cam02.mp4_segment_6_Gesture_27.23_29.43
5.107126,8.838363,108_208_27_1_20250114_162936_bacon_ground_clueGiver_cam02.mp4_segment_7_Gesture_30.37_30.77
6.852426,4.7175665,108_208_28_1_20250114_162956_river_ground_clueGiver_cam02.mp4_segment_1_Gesture_15.10_17.80
6.8956985,4.535993,108_208_28_1_20250114_162956_river_ground_clueGiver_cam02.mp4_segment_2_Gesture_14.83_17.40
7.848146,10.026488,108_208_28_1_20250114_162956_river_ground_clueGiver_cam02.mp4_segment_3_Gesture_18.03_18.20
1.8835859,5.0201116,108_208_28_1_20250114_162956_river_ground_guesser_cam02.mp4_segment_1_Gesture_0.80_3.03
1.7545718,8.422872,108_208_28_1_20250114_162956_river_ground_guesser_cam02.mp4_segment_2_Gesture_5.83_8.17
1.7092683,5.249849,108_208_28_1_20250114_162956_river_ground_guesser_cam02.mp4_segment_3_Gesture_1.63_1.73
1.8164958,5.219977,108_208_28_1_20250114_162956_river_ground_guesser_cam02.mp4_segment_4_Gesture_2.27_2.40
1.4899862,8.4197855,108_208_28_1_20250114_162956_river_ground_guesser_cam02.mp4_segment_5_Gesture_5.47_5.63
1.8210204,8.400631,108_208_28_1_20250114_162956_river_ground_guesser_cam02.mp4_segment_6_Gesture_6.83_7.60
5.511028,9.743216,108_208_29_1_20250114_163011_walnut_ground_clueGiver_cam02.mp4_segment_1_Gesture_4.63_6.37
8.313352,9.646749,108_208_29_1_20250114_163011_walnut_ground_clueGiver_cam02.mp4_segment_2_Gesture_11.03_13.97
5.7086544,10.139762,108_208_29_1_20250114_163011_walnut_ground_clueGiver_cam02.mp4_segment_3_Gesture_4.50_5.03
7.7650304,10.019929,108_208_29_1_20250114_163011_walnut_ground_clueGiver_cam02.mp4_segment_4_Gesture_10.53_11.40
7.0531297,9.956363,108_208_29_1_20250114_163011_walnut_ground_clueGiver_cam02.mp4_segment_5_Gesture_13.07_13.37
6.5554805,9.549373,108_208_30_1_20250114_163024_butter_ground_clueGiver_cam02.mp4_segment_1_Gesture_10.90_11.30
6.1153064,3.760754,108_208_32_1_20250114_163057_chlorine_ground_clueGiver_cam02.mp4_segment_1_Gesture_5.87_6.47
5.8298516,4.196121,108_208_32_1_20250114_163057_chlorine_ground_clueGiver_cam02.mp4_segment_2_Gesture_16.03_19.87
5.9779096,10.009073,108_208_32_1_20250114_163057_chlorine_ground_clueGiver_cam02.mp4_segment_3_Gesture_20.73_23.13
6.1011467,3.8213005,108_208_32_1_20250114_163057_chlorine_ground_clueGiver_cam02.mp4_segment_4_Gesture_5.40_7.17
5.7929063,4.2391067,108_208_32_1_20250114_163057_chlorine_ground_clueGiver_cam02.mp4_segment_5_Gesture_16.10_18.87
5.767186,10.033641,108_208_32_1_20250114_163057_chlorine_ground_clueGiver_cam02.mp4_segment_6_Gesture_20.17_21.47
7.1594415,8.408261,108_208_34_1_20250114_163148_movie_board_clueGiver_cam02.mp4_segment_1_Gesture_4.43_6.23
8.149696,9.533235,108_208_34_1_20250114_163148_movie_board_clueGiver_cam02.mp4_segment_2_Gesture_7.27_10.03
8.212239,8.795986,108_208_34_1_20250114_163148_movie_board_clueGiver_cam02.mp4_segment_3_Gesture_4.00_9.50
2.110509,4.220157,108_208_34_1_20250114_163148_movie_board_guesser_cam02.mp4_segment_1_Gesture_1.27_5.23
2.1058862,4.0976195,108_208_34_1_20250114_163148_movie_board_guesser_cam02.mp4_segment_2_Gesture_5.90_9.40
2.0944378,4.031918,108_208_34_1_20250114_163148_movie_board_guesser_cam02.mp4_segment_3_Gesture_10.13_11.13
6.1343646,9.482451,108_208_35_1_20250114_163156_pasta_board_clueGiver_cam02.mp4_segment_1_Gesture_3.23_6.43
6.28549,9.411403,108_208_35_1_20250114_163156_pasta_board_clueGiver_cam02.mp4_segment_2_Gesture_2.77_6.30
2.1860216,4.52066,108_208_35_1_20250114_163156_pasta_board_guesser_cam02.mp4_segment_1_Gesture_0.80_2.13
2.0777647,3.9387758,108_208_35_1_20250114_163156_pasta_board_guesser_cam02.mp4_segment_2_Gesture_1.43_1.53
8.615255,8.601042,108_208_36_1_20250114_163248_balloon_board_clueGiver_cam02.mp4_segment_10_Gesture_4.03_9.47
7.168551,3.7187226,108_208_36_1_20250114_163248_balloon_board_clueGiver_cam02.mp4_segment_11_Gesture_10.33_11.63
8.261905,8.489293,108_208_36_1_20250114_163248_balloon_board_clueGiver_cam02.mp4_segment_12_Gesture_12.57_13.93
9.605934,7.957342,108_208_36_1_20250114_163248_balloon_board_clueGiver_cam02.mp4_segment_13_Gesture_14.87_17.47
8.536227,8.138134,108_208_36_1_20250114_163248_balloon_board_clueGiver_cam02.mp4_segment_14_Gesture_19.80_25.50
8.748107,8.6118355,108_208_36_1_20250114_163248_balloon_board_clueGiver_cam02.mp4_segment_15_Gesture_26.13_27.67
8.438341,8.644391,108_208_36_1_20250114_163248_balloon_board_clueGiver_cam02.mp4_segment_16_Gesture_28.97_30.47
6.8440766,9.649318,108_208_36_1_20250114_163248_balloon_board_clueGiver_cam02.mp4_segment_17_Gesture_32.90_33.13
7.160128,9.911961,108_208_36_1_20250114_163248_balloon_board_clueGiver_cam02.mp4_segment_18_Gesture_33.83_34.57
7.769769,10.1057205,108_208_36_1_20250114_163248_balloon_board_clueGiver_cam02.mp4_segment_19_Gesture_42.13_42.57
8.7004385,8.649114,108_208_36_1_20250114_163248_balloon_board_clueGiver_cam02.mp4_segment_1_Gesture_5.23_9.37
8.146701,8.701873,108_208_36_1_20250114_163248_balloon_board_clueGiver_cam02.mp4_segment_20_Gesture_43.37_49.97
9.01354,7.7842073,108_208_36_1_20250114_163248_balloon_board_clueGiver_cam02.mp4_segment_2_Gesture_10.47_16.97
8.417077,8.20751,108_208_36_1_20250114_163248_balloon_board_clueGiver_cam02.mp4_segment_3_Gesture_20.70_24.47
8.85696,9.718116,108_208_36_1_20250114_163248_balloon_board_clueGiver_cam02.mp4_segment_4_Gesture_25.33_25.47
8.689441,8.448992,108_208_36_1_20250114_163248_balloon_board_clueGiver_cam02.mp4_segment_5_Gesture_26.13_30.53
7.06252,9.924,108_208_36_1_20250114_163248_balloon_board_clueGiver_cam02.mp4_segment_6_Gesture_33.00_35.00
5.8531365,9.757652,108_208_36_1_20250114_163248_balloon_board_clueGiver_cam02.mp4_segment_7_Gesture_41.93_45.17
9.41859,9.576622,108_208_36_1_20250114_163248_balloon_board_clueGiver_cam02.mp4_segment_8_Gesture_46.53_46.70
8.248493,8.280744,108_208_36_1_20250114_163248_balloon_board_clueGiver_cam02.mp4_segment_9_Gesture_47.37_50.10
9.565637,10.118264,108_208_36_1_20250114_163248_balloon_board_guesser_cam02.mp4_segment_1_Gesture_37.57_38.13
9.478299,10.274636,108_208_36_1_20250114_163248_balloon_board_guesser_cam02.mp4_segment_2_Gesture_43.70_44.13
10.370767,7.505685,108_208_37_1_20250114_163259_muscle_board_clueGiver_cam02.mp4_segment_1_Gesture_1.87_5.63
8.089637,9.614792,108_208_37_1_20250114_163259_muscle_board_clueGiver_cam02.mp4_segment_2_Gesture_6.80_8.17
7.0943747,9.872644,108_208_37_1_20250114_163259_muscle_board_clueGiver_cam02.mp4_segment_3_Gesture_1.30_1.53
10.332124,5.2194796,108_208_37_1_20250114_163259_muscle_board_clueGiver_cam02.mp4_segment_4_Gesture_2.70_4.53
10.957676,8.66913,108_208_37_1_20250114_163259_muscle_board_clueGiver_cam02.mp4_segment_5_Gesture_5.13_5.27
9.472511,8.612975,108_208_38_1_20250114_163310_birthday_board_clueGiver_cam02.mp4_segment_1_Gesture_2.10_5.87
8.066922,8.34488,108_208_38_1_20250114_163310_birthday_board_clueGiver_cam02.mp4_segment_2_Gesture_6.80_10.47
7.683056,9.404186,108_208_38_1_20250114_163310_birthday_board_clueGiver_cam02.mp4_segment_3_Gesture_1.80_4.13
10.517609,8.833364,108_208_38_1_20250114_163310_birthday_board_clueGiver_cam02.mp4_segment_4_Gesture_5.30_5.40
7.9559827,8.3055315,108_208_38_1_20250114_163310_birthday_board_clueGiver_cam02.mp4_segment_5_Gesture_6.70_10.13
8.241795,9.1982565,108_208_39_1_20250114_163319_beauty_board_clueGiver_cam02.mp4_segment_1_Gesture_4.77_5.70
6.2134433,9.195703,108_208_39_1_20250114_163319_beauty_board_clueGiver_cam02.mp4_segment_2_Gesture_6.97_7.80
8.18552,9.163935,108_208_39_1_20250114_163319_beauty_board_clueGiver_cam02.mp4_segment_3_Gesture_4.33_7.23
8.141738,8.174611,108_208_40_1_20250114_163328_christmas_board_clueGiver_cam02.mp4_segment_1_Gesture_3.53_6.70
6.394777,9.245846,108_208_40_1_20250114_163328_christmas_board_clueGiver_cam02.mp4_segment_2_Gesture_2.17_2.63
8.137532,8.184508,108_208_40_1_20250114_163328_christmas_board_clueGiver_cam02.mp4_segment_3_Gesture_3.17_6.53
6.8711143,9.506227,108_208_41_1_20250114_163344_trumpet_board_clueGiver_cam02.mp4_segment_1_Gesture_12.20_12.37
6.0803533,9.094808,108_208_41_1_20250114_163344_trumpet_board_clueGiver_cam02.mp4_segment_2_Gesture_0.80_2.37
6.789278,9.471222,108_208_41_1_20250114_163344_trumpet_board_clueGiver_cam02.mp4_segment_3_Gesture_8.10_8.30
8.199522,8.76153,108_208_42_1_20250114_163352_music_board_clueGiver_cam02.mp4_segment_1_Gesture_3.97_6.43
8.231556,8.710285,108_208_42_1_20250114_163352_music_board_clueGiver_cam02.mp4_segment_2_Gesture_2.83_5.90
8.340175,8.93868,108_208_43_1_20250114_163408_hunger_board_clueGiver_cam02.mp4_segment_1_Gesture_3.03_4.70
8.116767,9.205096,108_208_43_1_20250114_163408_hunger_board_clueGiver_cam02.mp4_segment_2_Gesture_5.90_7.80
8.019152,9.053156,108_208_43_1_20250114_163408_hunger_board_clueGiver_cam02.mp4_segment_3_Gesture_8.90_14.83
8.348381,9.026665,108_208_43_1_20250114_163408_hunger_board_clueGiver_cam02.mp4_segment_4_Gesture_2.67_7.23
8.00944,8.724802,108_208_43_1_20250114_163408_hunger_board_clueGiver_cam02.mp4_segment_5_Gesture_8.23_12.00
7.997192,9.712079,108_208_43_1_20250114_163408_hunger_board_clueGiver_cam02.mp4_segment_6_Gesture_13.27_14.23
6.694791,4.9638996,108_208_45_1_20250114_163506_sushi_board_clueGiver_cam02.mp4_segment_1_Gesture_0.80_11.30
7.957631,6.762417,108_208_45_1_20250114_163506_sushi_board_clueGiver_cam02.mp4_segment_2_Gesture_12.30_14.33
6.356599,4.962461,108_208_45_1_20250114_163506_sushi_board_clueGiver_cam02.mp4_segment_3_Gesture_14.93_20.60
6.56913,4.6798296,108_208_45_1_20250114_163506_sushi_board_clueGiver_cam02.mp4_segment_4_Gesture_0.80_7.23
6.2974844,5.291061,108_208_45_1_20250114_163506_sushi_board_clueGiver_cam02.mp4_segment_5_Gesture_7.83_12.50
6.412213,2.9260778,108_208_45_1_20250114_163506_sushi_board_clueGiver_cam02.mp4_segment_6_Gesture_13.63_13.80
6.3113437,4.8162255,108_208_45_1_20250114_163506_sushi_board_clueGiver_cam02.mp4_segment_7_Gesture_14.70_19.73
8.961786,3.8207293,108_208_45_1_20250114_163506_sushi_board_guesser_cam02.mp4_segment_1_Gesture_15.57_16.20
1.8832222,3.930677,108_208_45_1_20250114_163506_sushi_board_guesser_cam02.mp4_segment_2_Gesture_17.17_17.53
8.890556,3.9131908,108_208_45_1_20250114_163506_sushi_board_guesser_cam02.mp4_segment_3_Gesture_15.40_15.73
7.8171253,3.0794938,108_208_45_1_20250114_163506_sushi_board_guesser_cam02.mp4_segment_4_Gesture_16.50_16.77
5.3896613,9.945032,108_208_46_1_20250114_163523_jungle_board_clueGiver_cam02.mp4_segment_1_Gesture_0.80_1.93
6.2469983,5.2570696,108_208_46_1_20250114_163523_jungle_board_clueGiver_cam02.mp4_segment_2_Gesture_3.90_11.97
5.828082,10.0130005,108_208_46_1_20250114_163523_jungle_board_clueGiver_cam02.mp4_segment_3_Gesture_15.13_16.37
6.3047585,5.182452,108_208_46_1_20250114_163523_jungle_board_clueGiver_cam02.mp4_segment_4_Gesture_3.90_10.73
6.8817673,9.844288,108_208_46_1_20250114_163523_jungle_board_clueGiver_cam02.mp4_segment_5_Gesture_11.50_11.63
2.1140485,4.130198,108_208_46_1_20250114_163523_jungle_board_guesser_cam02.mp4_segment_1_Gesture_3.40_10.23
1.9626085,3.9216695,108_208_46_1_20250114_163523_jungle_board_guesser_cam02.mp4_segment_2_Gesture_12.13_13.27
5.4241652,9.952022,108_208_47_1_20250114_163536_yellow_board_clueGiver_cam02.mp4_segment_1_Gesture_0.80_3.00
5.4207273,10.104532,108_208_47_1_20250114_163536_yellow_board_clueGiver_cam02.mp4_segment_2_Gesture_3.60_4.73
5.050903,9.5050955,108_208_47_1_20250114_163536_yellow_board_clueGiver_cam02.mp4_segment_3_Gesture_5.33_5.57
6.4229937,5.146983,108_208_47_1_20250114_163536_yellow_board_clueGiver_cam02.mp4_segment_4_Gesture_6.63_10.20
5.3623266,9.97214,108_208_47_1_20250114_163536_yellow_board_clueGiver_cam02.mp4_segment_5_Gesture_1.57_2.23
6.3648653,5.0774794,108_208_47_1_20250114_163536_yellow_board_clueGiver_cam02.mp4_segment_6_Gesture_6.43_9.87
6.2349286,3.205097,108_208_47_1_20250114_163536_yellow_board_clueGiver_cam02.mp4_segment_7_Gesture_11.50_11.63
1.8183805,4.3906436,108_208_47_1_20250114_163536_yellow_board_guesser_cam02.mp4_segment_1_Gesture_0.80_11.63
7.9263988,7.3247623,108_208_48_1_20250114_163634_flannel_board_clueGiver_cam02.mp4_segment_10_Gesture_25.97_39.50
7.8944683,9.620301,108_208_48_1_20250114_163634_flannel_board_clueGiver_cam02.mp4_segment_11_Gesture_40.47_41.03
7.8053894,9.755531,108_208_48_1_20250114_163634_flannel_board_clueGiver_cam02.mp4_segment_12_Gesture_41.77_42.17
6.362178,4.553729,108_208_48_1_20250114_163634_flannel_board_clueGiver_cam02.mp4_segment_13_Gesture_42.70_46.23
4.8930197,9.957987,108_208_48_1_20250114_163634_flannel_board_clueGiver_cam02.mp4_segment_14_Gesture_48.27_48.37
4.9342203,9.25383,108_208_48_1_20250114_163634_flannel_board_clueGiver_cam02.mp4_segment_1_Gesture_11.07_12.70
5.3220057,9.435873,108_208_48_1_20250114_163634_flannel_board_clueGiver_cam02.mp4_segment_2_Gesture_14.57_20.03
7.9451838,7.329808,108_208_48_1_20250114_163634_flannel_board_clueGiver_cam02.mp4_segment_3_Gesture_26.13_45.47
4.946892,9.9983425,108_208_48_1_20250114_163634_flannel_board_clueGiver_cam02.mp4_segment_4_Gesture_46.53_47.47
5.0253177,9.4318,108_208_48_1_20250114_163634_flannel_board_clueGiver_cam02.mp4_segment_5_Gesture_10.97_12.23
5.533739,9.951465,108_208_48_1_20250114_163634_flannel_board_clueGiver_cam02.mp4_segment_6_Gesture_14.10_15.23
5.4431653,9.6084175,108_208_48_1_20250114_163634_flannel_board_clueGiver_cam02.mp4_segment_7_Gesture_15.77_18.00
5.818057,3.5332515,108_208_48_1_20250114_163634_flannel_board_clueGiver_cam02.mp4_segment_8_Gesture_18.63_19.33
6.3269362,3.0958674,108_208_48_1_20250114_163634_flannel_board_clueGiver_cam02.mp4_segment_9_Gesture_20.30_20.50
1.5312921,4.3980002,108_208_48_1_20250114_163634_flannel_board_guesser_cam02.mp4_segment_1_Gesture_0.80_2.73
1.6085479,4.6246285,108_208_48_1_20250114_163634_flannel_board_guesser_cam02.mp4_segment_2_Gesture_3.83_13.27
8.96755,3.8402479,108_208_48_1_20250114_163634_flannel_board_guesser_cam02.mp4_segment_3_Gesture_20.03_20.97
8.954682,3.770198,108_208_48_1_20250114_163634_flannel_board_guesser_cam02.mp4_segment_4_Gesture_25.70_27.87
1.4704331,4.628825,108_208_48_1_20250114_163634_flannel_board_guesser_cam02.mp4_segment_5_Gesture_9.10_10.77
8.96444,3.8159118,108_208_48_1_20250114_163634_flannel_board_guesser_cam02.mp4_segment_6_Gesture_12.93_13.07
9.000361,3.7660878,108_208_48_1_20250114_163634_flannel_board_guesser_cam02.mp4_segment_7_Gesture_25.17_25.30
8.991494,3.7805712,108_208_48_1_20250114_163634_flannel_board_guesser_cam02.mp4_segment_8_Gesture_51.30_51.90
1.9466106,4.2063417,108_208_49_1_20250114_163641_doughnut_board_guesser_cam02.mp4_segment_1_Gesture_0.93_1.73
5.3724747,10.121141,108_208_50_1_20250114_163655_picture_board_clueGiver_cam02.mp4_segment_1_Gesture_0.80_0.97
5.6191974,8.672801,108_208_50_1_20250114_163655_picture_board_clueGiver_cam02.mp4_segment_2_Move_9.17_9.90
5.2837133,9.889633,108_208_50_1_20250114_163655_picture_board_clueGiver_cam02.mp4_segment_3_Gesture_12.13_12.87
5.75127,8.656289,108_208_50_1_20250114_163655_picture_board_clueGiver_cam02.mp4_segment_4_Gesture_9.13_11.33
6.4643397,3.4948306,108_208_51_1_20250114_163806_spinach_board_clueGiver_cam02.mp4_segment_10_Gesture_57.17_57.33
5.531023,9.393236,108_208_51_1_20250114_163806_spinach_board_clueGiver_cam02.mp4_segment_11_Gesture_60.17_62.20
6.491754,4.1243405,108_208_51_1_20250114_163806_spinach_board_clueGiver_cam02.mp4_segment_12_Gesture_66.17_69.93
5.163741,9.93616,108_208_51_1_20250114_163806_spinach_board_clueGiver_cam02.mp4_segment_13_Gesture_1.07_1.17
6.300136,2.1361241,108_208_51_1_20250114_163806_spinach_board_clueGiver_cam02.mp4_segment_14_Gesture_18.00_18.20
5.589806,3.7383807,108_208_51_1_20250114_163806_spinach_board_clueGiver_cam02.mp4_segment_15_Gesture_21.27_22.30
6.7579417,3.1655831,108_208_51_1_20250114_163806_spinach_board_clueGiver_cam02.mp4_segment_16_Gesture_26.30_26.47
6.2308044,4.759478,108_208_51_1_20250114_163806_spinach_board_clueGiver_cam02.mp4_segment_17_Gesture_29.70_34.87
8.110191,8.190415,108_208_51_1_20250114_163806_spinach_board_clueGiver_cam02.mp4_segment_18_Gesture_38.00_39.70
5.52732,10.165346,108_208_51_1_20250114_163806_spinach_board_clueGiver_cam02.mp4_segment_19_Gesture_45.80_46.30
5.212493,9.7394905,108_208_51_1_20250114_163806_spinach_board_clueGiver_cam02.mp4_segment_1_Gesture_0.80_1.63
5.4966836,9.366274,108_208_51_1_20250114_163806_spinach_board_clueGiver_cam02.mp4_segment_20_Gesture_49.73_52.53
6.450076,3.3519063,108_208_51_1_20250114_163806_spinach_board_clueGiver_cam02.mp4_segment_21_Gesture_53.87_55.10
7.416703,3.3700273,108_208_51_1_20250114_163806_spinach_board_clueGiver_cam02.mp4_segment_22_Gesture_57.90_58.40
6.2695084,3.763047,108_208_51_1_20250114_163806_spinach_board_clueGiver_cam02.mp4_segment_23_Gesture_58.97_59.07
5.889486,9.700494,108_208_51_1_20250114_163806_spinach_board_clueGiver_cam02.mp4_segment_24_Gesture_59.93_61.70
6.4643354,4.184349,108_208_51_1_20250114_163806_spinach_board_clueGiver_cam02.mp4_segment_25_Gesture_65.93_69.93
5.1773105,9.698503,108_208_51_1_20250114_163806_spinach_board_clueGiver_cam02.mp4_segment_2_Gesture_2.87_3.47
5.6416774,3.6689806,108_208_51_1_20250114_163806_spinach_board_clueGiver_cam02.mp4_segment_3_Gesture_21.77_22.30
6.262348,4.828483,108_208_51_1_20250114_163806_spinach_board_clueGiver_cam02.mp4_segment_4_Gesture_30.30_35.50
7.0392733,6.0161357,108_208_51_1_20250114_163806_spinach_board_clueGiver_cam02.mp4_segment_5_Gesture_38.53_40.23
5.6253276,10.209738,108_208_51_1_20250114_163806_spinach_board_clueGiver_cam02.mp4_segment_6_Gesture_46.33_47.10
5.7289267,10.183402,108_208_51_1_20250114_163806_spinach_board_clueGiver_cam02.mp4_segment_7_Gesture_48.27_48.90
5.517074,9.385026,108_208_51_1_20250114_163806_spinach_board_clueGiver_cam02.mp4_segment_8_Gesture_49.57_53.07
6.475854,3.3703098,108_208_51_1_20250114_163806_spinach_board_clueGiver_cam02.mp4_segment_9_Gesture_54.43_55.90
2.1409793,7.7697835,108_208_51_1_20250114_163806_spinach_board_guesser_cam02.mp4_segment_1_Gesture_27.57_27.67
1.8854537,7.6453266,108_208_51_1_20250114_163806_spinach_board_guesser_cam02.mp4_segment_2_Gesture_34.00_35.63
2.0385947,7.6869793,108_208_51_1_20250114_163806_spinach_board_guesser_cam02.mp4_segment_3_Gesture_39.47_40.87
1.5774931,7.399742,108_208_51_1_20250114_163806_spinach_board_guesser_cam02.mp4_segment_4_Gesture_42.97_45.43
1.2557638,9.207896,108_208_51_1_20250114_163806_spinach_board_guesser_cam02.mp4_segment_5_Gesture_51.47_51.80
1.2575598,9.19047,108_208_51_1_20250114_163806_spinach_board_guesser_cam02.mp4_segment_6_Gesture_60.37_60.60
1.328619,8.560585,108_208_51_1_20250114_163806_spinach_board_guesser_cam02.mp4_segment_7_Gesture_44.37_44.63
5.9027996,10.142582,108_208_52_1_20250114_163842_blanket_board_clueGiver_cam02.mp4_segment_1_Gesture_0.80_2.17
6.186717,10.270395,108_208_52_1_20250114_163842_blanket_board_guesser_cam02.mp4_segment_1_Gesture_1.03_1.73
9.481186,10.197554,108_208_53_1_20250114_163852_pillow_board_clueGiver_cam02.mp4_segment_1_Move_3.43_3.97
5.0517874,8.985353,108_208_53_1_20250114_163852_pillow_board_clueGiver_cam02.mp4_segment_2_Gesture_8.17_8.87
1.9879951,5.0796566,108_208_53_1_20250114_163852_pillow_board_guesser_cam02.mp4_segment_1_Gesture_1.53_4.00
1.6640555,4.9011817,108_208_53_1_20250114_163852_pillow_board_guesser_cam02.mp4_segment_2_Gesture_5.50_9.00
1.7022847,5.2026086,108_208_53_1_20250114_163852_pillow_board_guesser_cam02.mp4_segment_3_Gesture_3.03_3.50
6.3434806,4.8756385,108_208_54_1_20250114_163903_soda_board_clueGiver_cam02.mp4_segment_1_Gesture_0.80_3.90
6.2326274,10.2333765,108_208_54_1_20250114_163903_soda_board_clueGiver_cam02.mp4_segment_2_Gesture_7.50_8.07
5.2663264,9.471446,108_208_54_1_20250114_163903_soda_board_clueGiver_cam02.mp4_segment_3_Gesture_9.10_9.87
6.2693233,4.784402,108_208_54_1_20250114_163903_soda_board_clueGiver_cam02.mp4_segment_4_Gesture_0.80_3.33
0.6782239,7.973417,preparation_103_203_1_clueGiver_cam02.mp4_segment_1_Gesture_16.77_17.03
4.9046507,9.930957,preparation_103_203_1_clueGiver_cam02.mp4_segment_2_Gesture_18.13_20.10
11.242061,4.708049,preparation_103_203_1_clueGiver_cam02.mp4_segment_3_Gesture_25.20_37.00
11.099619,4.837854,preparation_103_203_1_clueGiver_cam02.mp4_segment_4_Gesture_38.80_41.87
0.5715959,8.188994,preparation_103_203_1_clueGiver_cam02.mp4_segment_5_Gesture_16.17_16.57
5.0423203,9.981755,preparation_103_203_1_clueGiver_cam02.mp4_segment_6_Gesture_18.10_18.23
11.230697,4.7211256,preparation_103_203_1_clueGiver_cam02.mp4_segment_7_Gesture_24.93_41.87
8.091869,5.1518383,preparation_103_203_1_guesser_cam02.mp4_segment_1_Move_17.73_21.47
8.733168,4.0455747,preparation_103_203_1_guesser_cam02.mp4_segment_2_Gesture_22.37_23.50
11.378219,4.6103234,preparation_103_203_1_guesser_cam02.mp4_segment_3_Gesture_25.23_41.87
8.673724,5.1264677,preparation_103_203_1_guesser_cam02.mp4_segment_4_Gesture_19.10_21.03
8.559598,4.105349,preparation_103_203_1_guesser_cam02.mp4_segment_5_Gesture_22.43_23.13
9.064672,3.8200278,preparation_103_203_1_guesser_cam02.mp4_segment_6_Gesture_25.03_25.17
1.6240478,7.538656,preparation_103_203_1_guesser_cam02.mp4_segment_7_Gesture_25.90_26.97
2.1287541,3.9522574,preparation_103_203_1_guesser_cam02.mp4_segment_8_Gesture_27.77_27.97
11.328534,4.6547036,preparation_103_203_1_guesser_cam02.mp4_segment_9_Gesture_30.13_41.87
9.651035,8.361928,preparation_103_203_4_clueGiver_cam02.mp4_segment_1_Gesture_3.60_4.80
7.0604234,6.051334,preparation_103_203_4_clueGiver_cam02.mp4_segment_2_Gesture_7.40_8.10
7.4991493,4.87545,preparation_103_203_4_clueGiver_cam02.mp4_segment_3_Gesture_1.90_4.30
8.136017,6.864415,preparation_103_203_4_clueGiver_cam02.mp4_segment_4_Gesture_7.07_7.97
2.322533,4.4205227,preparation_103_203_4_guesser_cam02.mp4_segment_1_Gesture_0.80_8.63
8.220379,6.6517053,preparation_103_203_4_guesser_cam02.mp4_segment_2_Gesture_6.17_8.13
8.069604,5.102795,preparation_103_203_5_clueGiver_cam02.mp4_segment_1_Gesture_9.93_11.80
9.141611,9.786806,preparation_103_203_5_clueGiver_cam02.mp4_segment_2_Gesture_12.70_13.13
6.7253633,8.954563,preparation_103_203_5_clueGiver_cam02.mp4_segment_3_Gesture_18.20_19.10
8.482934,6.7835975,preparation_103_203_5_clueGiver_cam02.mp4_segment_4_Gesture_23.90_28.27
7.4647145,3.3632061,preparation_103_203_5_clueGiver_cam02.mp4_segment_5_Gesture_1.93_2.30
7.546118,3.3473113,preparation_103_203_5_clueGiver_cam02.mp4_segment_6_Gesture_2.87_4.13
7.434987,3.4715667,preparation_103_203_5_clueGiver_cam02.mp4_segment_7_Gesture_4.67_7.17
7.8681326,5.2741375,preparation_103_203_5_clueGiver_cam02.mp4_segment_8_Gesture_9.13_12.63
8.580561,6.3968782,preparation_103_203_5_clueGiver_cam02.mp4_segment_9_Gesture_18.17_28.27
2.2270856,4.457892,preparation_103_203_5_guesser_cam02.mp4_segment_1_Gesture_0.80_16.70
11.039045,4.8771343,preparation_103_203_7_clueGiver_cam02.mp4_segment_1_Gesture_2.23_6.97
11.068636,4.846824,preparation_103_203_7_clueGiver_cam02.mp4_segment_2_Gesture_1.87_6.97
11.328572,4.6495156,preparation_103_203_7_guesser_cam02.mp4_segment_1_Gesture_0.80_7.03
11.353166,4.618465,preparation_103_203_7_guesser_cam02.mp4_segment_2_Gesture_0.80_7.03
8.983165,8.179356,preparation_103_203_8_clueGiver_cam02.mp4_segment_10_Gesture_36.57_38.53
11.036522,8.45803,preparation_103_203_8_clueGiver_cam02.mp4_segment_11_Gesture_39.93_42.50
10.195523,5.2826343,preparation_103_203_8_clueGiver_cam02.mp4_segment_12_Gesture_44.20_45.00
10.172759,7.9322968,preparation_103_203_8_clueGiver_cam02.mp4_segment_13_Gesture_46.43_47.87
9.902007,8.166659,preparation_103_203_8_clueGiver_cam02.mp4_segment_14_Gesture_48.53_50.50
6.6861424,2.0065079,preparation_103_203_8_clueGiver_cam02.mp4_segment_15_Gesture_52.67_53.73
7.036938,8.781319,preparation_103_203_8_clueGiver_cam02.mp4_segment_16_Gesture_2.73_3.27
6.9672685,8.815763,preparation_103_203_8_clueGiver_cam02.mp4_segment_17_Gesture_4.47_4.70
6.862082,9.017624,preparation_103_203_8_clueGiver_cam02.mp4_segment_18_Gesture_5.30_5.40
6.7186265,8.933237,preparation_103_203_8_clueGiver_cam02.mp4_segment_19_Gesture_6.33_6.50
7.0100126,8.870318,preparation_103_203_8_clueGiver_cam02.mp4_segment_1_Gesture_3.13_3.80
5.7869244,9.558003,preparation_103_203_8_clueGiver_cam02.mp4_segment_20_Gesture_7.47_8.37
5.739939,8.076104,preparation_103_203_8_clueGiver_cam02.mp4_segment_21_Gesture_8.97_9.83
7.162308,8.364365,preparation_103_203_8_clueGiver_cam02.mp4_segment_22_Gesture_10.93_11.40
9.727334,7.4125733,preparation_103_203_8_clueGiver_cam02.mp4_segment_23_Gesture_12.23_15.40
10.041658,9.227905,preparation_103_203_8_clueGiver_cam02.mp4_segment_24_Gesture_17.17_18.17
10.1211815,9.35148,preparation_103_203_8_clueGiver_cam02.mp4_segment_25_Gesture_19.27_19.50
11.038065,8.400374,preparation_103_203_8_clueGiver_cam02.mp4_segment_26_Gesture_21.73_23.57
11.119319,8.477432,preparation_103_203_8_clueGiver_cam02.mp4_segment_27_Gesture_24.20_24.30
11.089242,8.448171,preparation_103_203_8_clueGiver_cam02.mp4_segment_28_Gesture_25.50_26.00
11.1606865,8.419774,preparation_103_203_8_clueGiver_cam02.mp4_segment_29_Gesture_26.53_27.07
5.6831117,9.081923,preparation_103_203_8_clueGiver_cam02.mp4_segment_2_Gesture_9.33_10.37
10.721454,8.284351,preparation_103_203_8_clueGiver_cam02.mp4_segment_30_Gesture_27.67_29.43
9.636363,8.377571,preparation_103_203_8_clueGiver_cam02.mp4_segment_31_Gesture_33.63_39.87
10.867945,8.473527,preparation_103_203_8_clueGiver_cam02.mp4_segment_32_Gesture_40.80_41.73
11.145151,8.503515,preparation_103_203_8_clueGiver_cam02.mp4_segment_33_Gesture_42.43_42.73
10.1150055,7.7789664,preparation_103_203_8_clueGiver_cam02.mp4_segment_34_Gesture_44.03_50.67
6.9139934,8.974178,preparation_103_203_8_clueGiver_cam02.mp4_segment_35_Gesture_51.43_51.63
6.6667714,2.0560539,preparation_103_203_8_clueGiver_cam02.mp4_segment_36_Gesture_52.33_55.00
9.623549,7.729349,preparation_103_203_8_clueGiver_cam02.mp4_segment_3_Gesture_11.17_15.47
9.954193,9.26421,preparation_103_203_8_clueGiver_cam02.mp4_segment_4_Gesture_18.10_18.70
10.531677,8.6293545,preparation_103_203_8_clueGiver_cam02.mp4_segment_5_Gesture_19.80_21.60
11.083891,8.390884,preparation_103_203_8_clueGiver_cam02.mp4_segment_6_Gesture_22.13_24.23
11.147409,8.437589,preparation_103_203_8_clueGiver_cam02.mp4_segment_7_Gesture_24.83_27.17
10.348103,8.133155,preparation_103_203_8_clueGiver_cam02.mp4_segment_8_Gesture_27.90_29.87
10.110291,8.704983,preparation_103_203_8_clueGiver_cam02.mp4_segment_9_Gesture_34.90_35.37
1.8526326,4.777157,preparation_103_203_8_guesser_cam02.mp4_segment_10_Gesture_33.97_38.33
1.8200653,4.7543674,preparation_103_203_8_guesser_cam02.mp4_segment_11_Gesture_49.47_55.00
1.5324808,5.099283,preparation_103_203_8_guesser_cam02.mp4_segment_1_Gesture_2.23_10.03
2.0141,5.194831,preparation_103_203_8_guesser_cam02.mp4_segment_2_Gesture_11.57_24.07
1.5176406,5.1520686,preparation_103_203_8_guesser_cam02.mp4_segment_3_Gesture_28.13_28.77
1.8048015,4.7424235,preparation_103_203_8_guesser_cam02.mp4_segment_4_Gesture_30.10_38.90
1.5441751,5.0930552,preparation_103_203_8_guesser_cam02.mp4_segment_5_Move_40.13_45.10
1.8803322,4.8667135,preparation_103_203_8_guesser_cam02.mp4_segment_6_Gesture_47.57_54.57
1.4992741,4.9854956,preparation_103_203_8_guesser_cam02.mp4_segment_7_Gesture_9.73_9.90
1.7064942,5.0136743,preparation_103_203_8_guesser_cam02.mp4_segment_8_Gesture_22.87_23.77
1.3882463,4.8002477,preparation_103_203_8_guesser_cam02.mp4_segment_9_Gesture_30.07_30.77
6.6177983,2.7469552,preparation_103_203_9_clueGiver_cam02.mp4_segment_10_Gesture_7.17_8.07
6.5662985,2.8571572,preparation_103_203_9_clueGiver_cam02.mp4_segment_11_Gesture_10.13_10.27
6.8452053,2.761719,preparation_103_203_9_clueGiver_cam02.mp4_segment_12_Gesture_12.10_12.30
6.5094094,2.7957253,preparation_103_203_9_clueGiver_cam02.mp4_segment_13_Gesture_16.53_17.13
6.476987,2.821115,preparation_103_203_9_clueGiver_cam02.mp4_segment_14_Gesture_19.23_19.37
9.163986,7.6782637,preparation_103_203_9_clueGiver_cam02.mp4_segment_15_Gesture_19.90_21.80
9.538941,7.882297,preparation_103_203_9_clueGiver_cam02.mp4_segment_16_Gesture_23.53_44.93
10.995035,8.596293,preparation_103_203_9_clueGiver_cam02.mp4_segment_17_Gesture_46.13_46.27
10.066363,8.121155,preparation_103_203_9_clueGiver_cam02.mp4_segment_18_Gesture_46.80_53.93
9.872647,8.043174,preparation_103_203_9_clueGiver_cam02.mp4_segment_19_Gesture_54.60_64.90
6.5342536,2.8990288,preparation_103_203_9_clueGiver_cam02.mp4_segment_1_Gesture_8.80_11.90
9.058636,7.4659414,preparation_103_203_9_clueGiver_cam02.mp4_segment_2_Gesture_16.80_31.87
9.371688,8.249804,preparation_103_203_9_clueGiver_cam02.mp4_segment_3_Gesture_32.50_37.17
9.199306,8.277177,preparation_103_203_9_clueGiver_cam02.mp4_segment_4_Gesture_39.07_43.30
10.039318,8.033124,preparation_103_203_9_clueGiver_cam02.mp4_segment_5_Gesture_44.23_54.40
9.838221,8.19698,preparation_103_203_9_clueGiver_cam02.mp4_segment_6_Gesture_55.73_64.90
6.818641,2.8454878,preparation_103_203_9_clueGiver_cam02.mp4_segment_7_Gesture_0.80_1.37
6.8213677,2.701025,preparation_103_203_9_clueGiver_cam02.mp4_segment_8_Gesture_2.60_2.90
6.7674055,2.8668053,preparation_103_203_9_clueGiver_cam02.mp4_segment_9_Gesture_3.77_4.60
1.8376565,5.3031125,preparation_103_203_9_guesser_cam02.mp4_segment_1_Gesture_25.60_26.40
1.1460667,9.138428,preparation_103_203_9_guesser_cam02.mp4_segment_2_Gesture_55.63_56.07
1.347879,7.9592533,preparation_103_203_9_guesser_cam02.mp4_segment_3_Gesture_63.20_69.87
2.202105,7.6740084,preparation_103_203_9_guesser_cam02.mp4_segment_4_Gesture_25.40_25.63
1.4710242,7.703693,preparation_103_203_9_guesser_cam02.mp4_segment_5_Gesture_55.17_55.90
2.5833952,6.9613757,preparation_103_203_9_guesser_cam02.mp4_segment_6_Gesture_63.10_65.53
1.5503966,8.364119,preparation_103_203_9_guesser_cam02.mp4_segment_7_Gesture_68.37_69.87
2.040444,8.023824,preparation_108_208_1_clueGiver_cam02.mp4_segment_10_Gesture_9.57_9.70
2.1522815,7.9810987,preparation_108_208_1_clueGiver_cam02.mp4_segment_11_Gesture_13.53_13.73
6.854486,3.041424,preparation_108_208_1_clueGiver_cam02.mp4_segment_12_Gesture_15.73_15.90
5.7734265,8.182486,preparation_108_208_1_clueGiver_cam02.mp4_segment_13_Gesture_22.63_24.73
8.557865,9.526833,preparation_108_208_1_clueGiver_cam02.mp4_segment_14_Gesture_25.67_25.80
5.2570724,9.373395,preparation_108_208_1_clueGiver_cam02.mp4_segment_15_Gesture_26.53_27.90
11.049242,4.8287244,preparation_108_208_1_clueGiver_cam02.mp4_segment_16_Gesture_29.07_44.73
0.65952486,7.9985294,preparation_108_208_1_clueGiver_cam02.mp4_segment_1_Move_8.73_9.17
2.1810057,8.05676,preparation_108_208_1_clueGiver_cam02.mp4_segment_2_Gesture_9.73_9.97
5.22948,9.983202,preparation_108_208_1_clueGiver_cam02.mp4_segment_3_Move_10.60_11.27
1.595403,5.1229444,preparation_108_208_1_clueGiver_cam02.mp4_segment_4_Gesture_13.73_14.97
6.6989093,2.9996781,preparation_108_208_1_clueGiver_cam02.mp4_segment_5_Gesture_15.63_16.07
5.452449,8.485202,preparation_108_208_1_clueGiver_cam02.mp4_segment_6_Gesture_23.13_23.53
5.973649,9.7911825,preparation_108_208_1_clueGiver_cam02.mp4_segment_7_Gesture_24.33_27.57
10.955552,4.9063897,preparation_108_208_1_clueGiver_cam02.mp4_segment_8_Gesture_29.40_44.73
0.71915334,7.9363213,preparation_108_208_1_clueGiver_cam02.mp4_segment_9_Gesture_8.23_8.33
7.3308263,4.804738,preparation_108_208_1_guesser_cam02.mp4_segment_1_Gesture_26.07_44.73
5.1756163,8.660452,preparation_108_208_1_guesser_cam02.mp4_segment_2_Gesture_11.13_11.27
1.5679848,4.1093926,preparation_108_208_1_guesser_cam02.mp4_segment_3_Gesture_26.03_26.63
11.336948,4.6500077,preparation_108_208_1_guesser_cam02.mp4_segment_4_Gesture_40.23_44.73
9.993894,5.149716,preparation_108_208_4_clueGiver_cam02.mp4_segment_1_Gesture_2.53_4.93
6.405191,2.8821642,preparation_108_208_4_clueGiver_cam02.mp4_segment_2_Gesture_6.77_7.47
9.892024,4.9419813,preparation_108_208_4_clueGiver_cam02.mp4_segment_3_Gesture_2.33_3.77
9.910013,5.1239333,preparation_108_208_4_clueGiver_cam02.mp4_segment_4_Gesture_4.40_4.73
6.744943,2.958562,preparation_108_208_4_clueGiver_cam02.mp4_segment_5_Gesture_6.73_7.03
8.571814,7.498104,preparation_108_208_5_clueGiver_cam02.mp4_segment_10_Gesture_2.60_3.13
9.345003,9.596871,preparation_108_208_5_clueGiver_cam02.mp4_segment_11_Gesture_5.60_5.90
8.983599,9.657313,preparation_108_208_5_clueGiver_cam02.mp4_segment_12_Gesture_6.47_7.33
9.627243,5.5802884,preparation_108_208_5_clueGiver_cam02.mp4_segment_13_Gesture_9.17_9.73
9.829715,9.303612,preparation_108_208_5_clueGiver_cam02.mp4_segment_14_Gesture_12.00_13.37
8.269104,7.931543,preparation_108_208_5_clueGiver_cam02.mp4_segment_15_Gesture_15.07_19.23
5.5704174,9.803419,preparation_108_208_5_clueGiver_cam02.mp4_segment_16_Gesture_20.97_24.37
8.766894,9.929374,preparation_108_208_5_clueGiver_cam02.mp4_segment_17_Gesture_26.07_26.43
7.6038656,8.74303,preparation_108_208_5_clueGiver_cam02.mp4_segment_18_Gesture_27.93_28.53
7.3946104,9.98313,preparation_108_208_5_clueGiver_cam02.mp4_segment_19_Gesture_29.43_30.07
9.554286,9.847825,preparation_108_208_5_clueGiver_cam02.mp4_segment_1_Gesture_3.37_3.50
8.274495,9.566028,preparation_108_208_5_clueGiver_cam02.mp4_segment_20_Gesture_33.60_36.77
8.576502,9.926247,preparation_108_208_5_clueGiver_cam02.mp4_segment_21_Gesture_37.57_39.20
9.167591,9.578769,preparation_108_208_5_clueGiver_cam02.mp4_segment_2_Gesture_5.13_7.50
9.42441,6.123805,preparation_108_208_5_clueGiver_cam02.mp4_segment_3_Gesture_9.17_10.40
9.752451,9.263485,preparation_108_208_5_clueGiver_cam02.mp4_segment_4_Gesture_11.73_13.93
8.256047,8.028484,preparation_108_208_5_clueGiver_cam02.mp4_segment_5_Gesture_15.33_21.67
8.778511,9.831325,preparation_108_208_5_clueGiver_cam02.mp4_segment_6_Gesture_25.97_28.83
9.26411,9.84978,preparation_108_208_5_clueGiver_cam02.mp4_segment_7_Gesture_30.33_30.47
8.211937,9.510662,preparation_108_208_5_clueGiver_cam02.mp4_segment_8_Gesture_33.63_36.40
8.853894,9.796003,preparation_108_208_5_clueGiver_cam02.mp4_segment_9_Gesture_38.20_39.07
0.5555087,8.231887,preparation_108_208_7_clueGiver_cam02.mp4_segment_1_Gesture_0.83_3.00
11.085724,4.8483944,preparation_108_208_7_clueGiver_cam02.mp4_segment_2_Gesture_11.20_17.50
6.658277,3.1099193,preparation_108_208_7_clueGiver_cam02.mp4_segment_3_Gesture_4.03_4.37
6.0036993,4.0620646,preparation_108_208_7_clueGiver_cam02.mp4_segment_4_Gesture_5.60_6.07
11.075269,4.858361,preparation_108_208_7_clueGiver_cam02.mp4_segment_5_Gesture_10.87_17.50
1.8335006,8.087103,preparation_108_208_7_guesser_cam02.mp4_segment_1_Gesture_0.80_2.10
1.7035618,7.9838915,preparation_108_208_7_guesser_cam02.mp4_segment_2_Gesture_3.07_5.27
11.269933,4.7132287,preparation_108_208_7_guesser_cam02.mp4_segment_3_Gesture_11.87_17.50
1.3372942,8.34933,preparation_108_208_7_guesser_cam02.mp4_segment_4_Gesture_3.47_4.57
11.297143,4.6945877,preparation_108_208_7_guesser_cam02.mp4_segment_5_Gesture_11.80_17.50
6.1808534,9.932966,preparation_108_208_8_clueGiver_cam02.mp4_segment_10_Gesture_13.70_20.50
8.54199,9.163245,preparation_108_208_8_clueGiver_cam02.mp4_segment_11_Gesture_21.67_26.50
5.889089,3.584647,preparation_108_208_8_clueGiver_cam02.mp4_segment_1_Move_4.33_6.23
5.8038135,3.6768298,preparation_108_208_8_clueGiver_cam02.mp4_segment_2_Gesture_7.43_10.30
6.132501,10.069984,preparation_108_208_8_clueGiver_cam02.mp4_segment_3_Gesture_13.93_15.53
7.883068,9.242021,preparation_108_208_8_clueGiver_cam02.mp4_segment_4_Gesture_18.57_19.00
8.620522,9.069412,preparation_108_208_8_clueGiver_cam02.mp4_segment_5_Gesture_22.37_23.40
6.408131,10.089902,preparation_108_208_8_clueGiver_cam02.mp4_segment_6_Gesture_26.23_27.03
5.7716274,3.5871968,preparation_108_208_8_clueGiver_cam02.mp4_segment_7_Gesture_4.00_4.20
5.83875,3.593171,preparation_108_208_8_clueGiver_cam02.mp4_segment_8_Gesture_4.80_5.57
5.934014,3.5692585,preparation_108_208_8_clueGiver_cam02.mp4_segment_9_Gesture_7.00_7.67
1.5635327,4.0186577,preparation_108_208_8_guesser_cam02.mp4_segment_1_Gesture_0.80_1.43
1.6552467,4.034348,preparation_108_208_8_guesser_cam02.mp4_segment_2_Gesture_5.33_7.80
1.4388218,4.142346,preparation_108_208_8_guesser_cam02.mp4_segment_3_Gesture_9.00_10.77
1.7020874,4.101397,preparation_108_208_8_guesser_cam02.mp4_segment_4_Gesture_12.97_17.10
1.4129987,4.1053843,preparation_108_208_8_guesser_cam02.mp4_segment_5_Gesture_19.43_19.73
1.5142758,4.0783997,preparation_108_208_8_guesser_cam02.mp4_segment_6_Gesture_20.53_21.47
1.7918415,3.9347923,preparation_108_208_8_guesser_cam02.mp4_segment_7_Gesture_22.17_24.97
1.440272,4.148615,preparation_108_208_8_guesser_cam02.mp4_segment_8_Gesture_26.63_27.10
8.224045,9.080957,preparation_108_208_9_clueGiver_cam02.mp4_segment_1_Gesture_7.13_13.83
6.2109566,5.433492,preparation_108_208_9_clueGiver_cam02.mp4_segment_2_Gesture_15.20_22.83
8.066349,8.914115,preparation_108_208_9_clueGiver_cam02.mp4_segment_3_Gesture_27.93_35.90
5.310747,9.525616,preparation_108_208_9_clueGiver_cam02.mp4_segment_4_Gesture_37.07_38.37
8.495999,8.689828,preparation_108_208_9_clueGiver_cam02.mp4_segment_5_Gesture_7.03_8.27
8.502693,8.910611,preparation_108_208_9_clueGiver_cam02.mp4_segment_6_Gesture_8.80_10.27
7.8472643,9.524846,preparation_108_208_9_clueGiver_cam02.mp4_segment_7_Gesture_11.03_16.37
6.4338484,9.826014,preparation_108_208_9_clueGiver_cam02.mp4_segment_8_Gesture_17.00_35.50
1.3980573,4.28888,preparation_108_208_9_guesser_cam02.mp4_segment_1_Gesture_35.27_36.60
1.5838944,4.053603,preparation_108_208_9_guesser_cam02.mp4_segment_2_Gesture_37.23_37.90
1.4829621,4.1245275,preparation_108_208_9_guesser_cam02.mp4_segment_3_Gesture_43.43_43.60
1.8676586,3.9390697,preparation_108_208_9_guesser_cam02.mp4_segment_4_Gesture_46.73_47.17
